smiles,value,cano_smiles
CC(C)CCN1C=C2C(=N1)N=C(N3C2=NC(=N3)C4=CC=CO4)NC(=O)NC5=CC=C(C=C5)OC,-1.4771212547196624,COc1ccc(NC(=O)Nc2nc3nn(CCC(C)C)cc3c3nc(-c4ccco4)nn23)cc1
CC(CC1=CC=CC=C1)NC2=NC3=C(C(=N2)N)N=CN3C4C(C(C(O4)CO)O)O,-3.0877814178095417,CC(Cc1ccccc1)Nc1nc(N)c2ncn(C3OC(CO)C(O)C3O)c2n1
CCCOC(=O)C1=C(N=C(C(=C1C)C(=O)OCC)C2=CC=CC=C2)C,-2.322219294733919,CCCOC(=O)c1c(C)nc(-c2ccccc2)c(C(=O)OCC)c1C
C1=CC=C(C=C1)C#CC2=NC3=C(C(=N2)N)N=CN3C4C(C(C(O4)CO)O)O,-1.2041199826559248,Nc1nc(C#Cc2ccccc2)nc2c1ncn2C1OC(CO)C(O)C1O
CCC1=C(C(=[N+](C(=C1C(=O)SCC)CC)C)C2=CC=CC=C2)C(=O)OCC.[I-],-2.3404441148401185,CCOC(=O)c1c(CC)c(C(=O)SCC)c(CC)[n+](C)c1-c1ccccc1.[I-]
COC1=CC=C(C=C1)CC(=O)NC2=NC(=NC3=NC(=NN32)C4=CC=CO4)SC,-3.322219294733919,COc1ccc(CC(=O)Nc2nc(SC)nc3nc(-c4ccco4)nn23)cc1
CCNC(=O)C1C(C(C(O1)N2C=NC3=C2N=C(N=C3N)NCCN4CCN(CC4)C5=CC=C(C=C5)C(=O)O)O)O,-3.765891976430016,CCNC(=O)C1OC(n2cnc3c(N)nc(NCCN4CCN(c5ccc(C(=O)O)cc5)CC4)nc32)C(O)C1O
CC1=CC=C(O1)C2=NC3=CN(N=C3C(=N2)N)CC4=CC(=CC=C4)F,-2.6304278750250236,Cc1ccc(-c2nc(N)c3nn(Cc4cccc(F)c4)cc3n2)o1
CCCN1C(=O)C2=C(NC1=O)N=C(N2)C3=CC=C(C=C3)Br,-2.2380461031287955,CCCn1c(=O)[nH]c2nc(-c3ccc(Br)cc3)[nH]c2c1=O
CCC(=O)NC1=NC(=NC(=C1)C2=CC=CO2)C3=CC=CO3,-0.7923916894982539,CCC(=O)Nc1cc(-c2ccco2)nc(-c2ccco2)n1
CCC(=C(CC)C1=CC=C(C=C1)O)C2=CC=C(C=C2)O,-3.0962145853464054,CCC(=C(CC)c1ccc(O)cc1)c1ccc(O)cc1
COC1=CC2=C(C=C1)OC(C(C2=O)O)C#CC3=CC=CC=C3,-3.909983694939844,COc1ccc2c(c1)C(=O)C(O)C(C#Cc1ccccc1)O2
CN1C=C2C(=N1)N=C(N3C2=NC(=N3)C4=CC=CO4)NC(=O)NC5=CC=C(C=C5)CC(=O)NCCC[NH3+],-0.9063350418050908,Cn1cc2c(nc(NC(=O)Nc3ccc(CC(=O)NCCC[NH3+])cc3)n3nc(-c4ccco4)nc23)n1
C1CCC(CC1)NC2=NC(=NC3=C2NC=N3)NC4=CC5=CC=CC=C5C=C4,-3.3838153659804315,c1ccc2cc(Nc3nc(NC4CCCCC4)c4[nH]cnc4n3)ccc2c1
CNC1=NC2=NC(=NN2C(=N1)NC(=O)NC3=CC=CC=C3)C4=CC=CO4,-2.7573960287930244,CNc1nc(NC(=O)Nc2ccccc2)n2nc(-c3ccco3)nc2n1
COC1=CC=C(C=C1)N2C(=O)N3C4=C(C(=CC=C4)N)N=C(C3=N2)NC(=O)C5=CC=CC=C5,-0.0,COc1ccc(-n2nc3c(NC(=O)c4ccccc4)nc4c(N)cccc4n3c2=O)cc1
C1=CC=C(C=C1)CN2C3=C(C(=NC(=N3)C4=CC=CC=C4)NC(=O)C5=CC=CO5)N=N2,-3.4838724542226736,O=C(Nc1nc(-c2ccccc2)nc2c1nnn2Cc1ccccc1)c1ccco1
COC1=CC(=C(C=C1)O)CNC2=NC(=NC3=C2N=CN3C4C5CC5C(C4O)O)Cl,-0.608526033577194,COc1ccc(O)c(CNc2nc(Cl)nc3c2ncn3C2C(O)C(O)C3CC32)c1
CNC(=O)C12CC1C(C(C2O)O)N3C=NC4=C3N=C(N=C4NCC5=CC(=CC=C5)Cl)C#CCCCCC(=O)O,-1.0934216851622351,CNC(=O)C12CC1C(n1cnc3c(NCc4cccc(Cl)c4)nc(C#CCCCCC(=O)O)nc31)C(O)C2O
C1=CC=C(C(=C1)CCOC2=NC3=C(C(=N2)N)N=CN3C4C(C(C(O4)CO)O)O)F,-1.890979596989689,Nc1nc(OCCc2ccccc2F)nc2c1ncn2C1OC(CO)C(O)C1O
C1CC1C(=O)NC2=NC(=C(C=C2)C3=NC=NC=C3)C4=CC=CO4,-3.574494268285328,O=C(Nc1ccc(-c2ccncn2)c(-c2ccco2)n1)C1CC1
COC1=CC=C(C=C1)N2C(=O)N3C4=CC=CC=C4N=C(C3=N2)NC(=O)C5=CC=CC=C5,-0.4623979978989561,COc1ccc(-n2nc3c(NC(=O)c4ccccc4)nc4ccccc4n3c2=O)cc1
C1CCC(C1)NC2=NC3=CC=CC=C3C4=CN(N=C42)C5=CC=CC=C5,-1.7817553746524688,c1ccc(-n2cc3c(n2)c(NC2CCCC2)nc2ccccc23)cc1
CCC(=O)NC1=NNC(=N1)C2=CC=CC=C2,-2.4771212547196626,CCC(=O)Nc1n[nH]c(-c2ccccc2)n1
C1CN(CCN1C2=CC=C(C=C2)F)C(=O)C3C(C(C(S3)N4C=NC5=C4N=C(N=C5NCC6=CC(=CC=C6)I)Cl)O)O,-3.1583624920952498,O=C(C1SC(n2cnc3c(NCc4cccc(I)c4)nc(Cl)nc32)C(O)C1O)N1CCN(c2ccc(F)cc2)CC1
CCC(=O)NC1=NC(=NC(=C1)C2=CC3=C(C=C2)OCO3)C4=CC5=C(C=C4)OCO5,-1.1613680022349748,CCC(=O)Nc1cc(-c2ccc3c(c2)OCO3)nc(-c2ccc3c(c2)OCO3)n1
C1=CSC(=C1)CNC2=NC=NC3=C2N=CN3C4C(C(C(O4)CO)O)O,-1.7781512503836436,OCC1OC(n2cnc3c(NCc4cccs4)ncnc32)C(O)C1O
CN1C=C2C(=N1)N=C(N3C2=NC(=N3)C4=CC=CO4)NC(=O)CCCCCC#C,-1.1072099696478683,C#CCCCCCC(=O)Nc1nc2nn(C)cc2c2nc(-c3ccco3)nn12
CCCC1=C(C(=NC(=C1C(=O)SCC)CC)C2=CC=CC=C2F)C(=O)OCCC,-1.3617278360175928,CCCOC(=O)c1c(-c2ccccc2F)nc(CC)c(C(=O)SCC)c1CCC
CCCN1C2=C(C(=O)N(C1=O)CCC)NC(=N2)C3=CC=C(C=C3)OCOC(=O)NCCN,-2.03342375548695,CCCn1c(=O)c2[nH]c(-c3ccc(OCOC(=O)NCCN)cc3)nc2n(CCC)c1=O
CCNC1=NC(=NC2=C1N=CN2C3C4CC4(C(C3O)O)C(=O)NC)C#CC5=CC=C(S5)Cl,-0.5797835966168101,CCNc1nc(C#Cc2ccc(Cl)s2)nc2c1ncn2C1C(O)C(O)C2(C(=O)NC)CC12
CC(C)(C)OC(=O)CCCCNC(=O)CC1=CC=C(C=C1)NC(=O)NC2=NC3=NN(C=C3C4=NC(=NN42)C5=CC=CO5)C,-0.5390760987927766,Cn1cc2c(nc(NC(=O)Nc3ccc(CC(=O)NCCCCC(=O)OC(C)(C)C)cc3)n3nc(-c4ccco4)nc23)n1
CC1(C(C(OC1C(=O)NC)N2C=NC3=C2N=C(N=C3NCC4=CC(=CC=C4)I)NC)O)O,-3.0791812460476247,CNC(=O)C1OC(n2cnc3c(NCc4cccc(I)c4)nc(NC)nc32)C(O)C1(C)O
CCNC1=NC(=NC2=C1N=CN2C3C(C(C(O3)CO)O)O)N4C=C(C=N4)C5=CC=C(C=C5)OC,-1.6127838567197357,CCNc1nc(-n2cc(-c3ccc(OC)cc3)cn2)nc2c1ncn2C1OC(CO)C(O)C1O
CCNC(=O)C1C(C(C(O1)N2C=NC3=C2N=C(N=C3NC4=CC=C(C=C4)OCC(=O)NCC5=CC=CC=C5)Cl)O)O,-1.8790958795000727,CCNC(=O)C1OC(n2cnc3c(Nc4ccc(OCC(=O)NCc5ccccc5)cc4)nc(Cl)nc32)C(O)C1O
CN1C=C2C(=N1)N=C(N3C2=NC(=N3)C4=CC=CO4)NCCCCCCO,-2.1931245983544616,Cn1cc2c(nc(NCCCCCCO)n3nc(-c4ccco4)nc23)n1
CCCN1C(=O)C2=C(N=C(N2)C3=CC=CC=C3)N(C1=O)CCSCC,-2.0700009038023452,CCCn1c(=O)c2[nH]c(-c3ccccc3)nc2n(CCSCC)c1=O
CCN1C2=C(C(=O)N(C1=O)CC)N(C(=N2)C=CC3=CC(=C(C=C3)OC)OC)C,-3.6503075231319366,CCn1c(=O)c2c(nc(C=Cc3ccc(OC)c(OC)c3)n2C)n(CC)c1=O
CNC(=O)C12CC1C(C(C2O)O)N3C=NC4=C3N=C(N=C4NCC5=CC(=CC=C5)Cl)C#CCCC(=O)O,-1.7860412102425542,CNC(=O)C12CC1C(n1cnc3c(NCc4cccc(Cl)c4)nc(C#CCCC(=O)O)nc31)C(O)C2O
CCN1C=C2C(=N1)N=C(N3C2=NC(=N3)C4=CC=CO4)NC(=O)NC5=CC=C(C=C5)C(F)(F)F,0.013228265733755159,CCn1cc2c(nc(NC(=O)Nc3ccc(C(F)(F)F)cc3)n3nc(-c4ccco4)nc23)n1
CCNC(=O)C1C(C(C(O1)N2C=NC3=C2N=C(N=C3N)C#CC4=CC=CC=C4)O)O,-0.7923916894982539,CCNC(=O)C1OC(n2cnc3c(N)nc(C#Cc4ccccc4)nc32)C(O)C1O
C1=NC2=C(N1C3C(C(C(O3)CO)O)O)N=C(N=C2N)N=NNC(=O)N,-2.3201462861110542,NC(=O)NN=Nc1nc(N)c2ncn(C3OC(CO)C(O)C3O)c2n1
CONC1=NC(=NC2=C1N=CN2C3C4CC4C(C3O)O)C#CC5=CC=CC=C5Cl,-0.9304395947667,CONc1nc(C#Cc2ccccc2Cl)nc2c1ncn2C1C(O)C(O)C2CC21
CCC(CC)C(=O)NC1=NC(=NC(=C1)C2=CC=C(C=C2)OC)C3=CC=C(C=C3)OC,-1.7641761323903309,CCC(CC)C(=O)Nc1cc(-c2ccc(OC)cc2)nc(-c2ccc(OC)cc2)n1
CC(C)(C)N1C=C2C(=N1)N=C(N3C2=NC(=N3)C4=CC=CO4)NC(=O)NC5=CC=C(C=C5)OC,0.0969100130080564,COc1ccc(NC(=O)Nc2nc3nn(C(C)(C)C)cc3c3nc(-c4ccco4)nn23)cc1
CC1=CC=C(C=C1)OC(C)C(=O)NC2=NNC(=N2)C3=CC=CC=C3,-3.146128035678238,Cc1ccc(OC(C)C(=O)Nc2n[nH]c(-c3ccccc3)n2)cc1
CN1C=CC2=C(CN3C(=NC(=N3)C4=CC=CC=C4)C2=C1)C(=O)OC,-1.1139433523068367,COC(=O)C1=C2C=CN(C)C=C2c2nc(-c3ccccc3)nn2C1
CCN1N=C(N=N1)C2C(C(C(O2)N3C=NC4=C3N=C(N=C4N)NC(C)CC5=CC=C(C=C5)Br)O)O,-2.357934847000454,CCn1nnc(C2OC(n3cnc4c(N)nc(NC(C)Cc5ccc(Br)cc5)nc43)C(O)C2O)n1
CCOC(=O)C1=CN=C(N2C1=NC(=N2)C3=CC=CO3)NC(=O)NC4=CC=CC=C4,-2.5526682161121936,CCOC(=O)c1cnc(NC(=O)Nc2ccccc2)n2nc(-c3ccco3)nc12
CCNC1=NC=C(C2=NC(=NN21)C3=CC=CO3)C(=O)O,-2.6812412373755867,CCNc1ncc(C(=O)O)c2nc(-c3ccco3)nn12
CNC(=O)C12CC1C(C(C2O)O)N3C=NC4=C3N=C(N=C4NCC5=CC(=CC=C5)Cl)C#C,-0.11394335230683678,C#Cc1nc(NCc2cccc(Cl)c2)c2ncn(C3C(O)C(O)C4(C(=O)NC)CC34)c2n1
COC1=CC(=C(C=C1)C2=CC(=NC(=N2)C3=C(C=C(C=C3)OC)OC)NC(=O)C4CCCCC4)OC,-1.7505083948513462,COc1ccc(-c2cc(NC(=O)C3CCCCC3)nc(-c3ccc(OC)cc3OC)n2)c(OC)c1
CN1C2=C(C(=O)N(C1=O)C)NC(=N2)C3=CC=C(C=C3)OCCN(C)C,-0.9722028383790644,CN(C)CCOc1ccc(-c2nc3c([nH]2)c(=O)n(C)c(=O)n3C)cc1
CCCCCCC#CC1=NC2=C(C(=N1)NCC)N=CN2C3C(C(C(O3)C(=O)NCC)O)O,-0.7817553746524689,CCCCCCC#Cc1nc(NCC)c2ncn(C3OC(C(=O)NCC)C(O)C3O)c2n1
C1CCC(C1)NC2=NC(=NC3=C2N=CN3C4C(C(C(O4)CSC5=CC=CC=C5F)O)O)Cl,-2.6803355134145628,OC1C(CSc2ccccc2F)OC(n2cnc3c(NC4CCCC4)nc(Cl)nc32)C1O
CN1C=C2C(=N1)N=C(N3C2=NC(=N3)C4=CC=CO4)NC(=O)NC5=CC=CC=N5,0.4559319556497244,Cn1cc2c(nc(NC(=O)Nc3ccccn3)n3nc(-c4ccco4)nc23)n1
CC1=CC=C(C=C1)NC(=O)NC2=NC3=NN(C=C3C4=NC(=NN42)C5=CC=CO5)CC6CCCCC6,-3.4694081349309154,Cc1ccc(NC(=O)Nc2nc3nn(CC4CCCCC4)cc3c3nc(-c4ccco4)nn23)cc1
C1CCC(C1)NC2=NC(=NC3=C2N=CN3C4C(C(C(O4)CO)O)O)[N+](=O)[O-],-2.3463529744506393,O=[N+]([O-])c1nc(NC2CCCC2)c2ncn(C3OC(CO)C(O)C3O)c2n1
CNC1=NC(=C(S1)C(=O)C2=CC=C(C=C2)Cl)C3=CC=CC=C3,-3.0,CNc1nc(-c2ccccc2)c(C(=O)c2ccc(Cl)cc2)s1
CCCC(=O)NC1=NC(=NC(=C1)C2=CC3=C(C=C2)OCO3)C4=CC5=C(C=C4)OCO5,-1.7708520116421442,CCCC(=O)Nc1cc(-c2ccc3c(c2)OCO3)nc(-c2ccc3c(c2)OCO3)n1
C1CC(C1)NC(=O)C2C(C(C(S2)N3C=NC4=C3N=C(N=C4NCC5=CC(=CC=C5)I)Cl)O)O,-1.260071387985075,O=C(NC1CCC1)C1SC(n2cnc3c(NCc4cccc(I)c4)nc(Cl)nc32)C(O)C1O
CCCN1C(=O)C2=C(N=C3N2C=CC=C3)N(C1=O)CC4=CC=CC=C4,-0.6020599913279624,CCCn1c(=O)c2c(nc3ccccn32)n(Cc2ccccc2)c1=O
C1=CC(=CC(=C1)I)CNC2=NC=NC3=C2N=CN3C4C(C(C(O4)CO)CN)O,-3.7139103541289553,NCC1C(CO)OC(n2cnc3c(NCc4cccc(I)c4)ncnc32)C1O
CC1=CC(=CC=C1)NC2=NC3=C(S2)N=C(NC3=O)C,-2.6532125137753435,Cc1cccc(Nc2nc3c(=O)[nH]c(C)nc3s2)c1
CC(=O)NC1=NC(=NC(=C1)C=CC2=CC=CC=C2)C=CC3=CC=CC=C3,-1.1931245983544616,CC(=O)Nc1cc(C=Cc2ccccc2)nc(C=Cc2ccccc2)n1
CCOC(=O)C1=C(NC(=C(C1C#CC2=CC=CC=C2)C(=O)OC)C)C,-2.9731278535996988,CCOC(=O)C1=C(C)NC(C)=C(C(=O)OC)C1C#Cc1ccccc1
CC(C)(C)OC(=O)NC1=NC2=C(C=C(C=C2)Cl)C3=NC(=NN31)C4=CC=CO4,-1.916453948549925,CC(C)(C)OC(=O)Nc1nc2ccc(Cl)cc2c2nc(-c3ccco3)nn12
C1CC(C(C1)O)NC2=NC=NC3=C2N=CN3C4C(C(C(O4)CO)O)O,-3.4000006169763797,OCC1OC(n2cnc3c(NC4CCCC4O)ncnc32)C(O)C1O
CCC(=O)NC1=NC(=NC(=C1)C=CC2=CC=CC=C2)C=CC3=CC=CC=C3,-1.6711728427150832,CCC(=O)Nc1cc(C=Cc2ccccc2)nc(C=Cc2ccccc2)n1
CC1(C(C(OC1N2C=NC3=C2N=C(N=C3NCC4=CC(=CC=C4)I)Cl)C(=O)NC)O)O,-2.6812412373755867,CNC(=O)C1OC(n2cnc3c(NCc4cccc(I)c4)nc(Cl)nc32)C(C)(O)C1O
CCOC(=O)C1C(C(=C(N=C1C)C2=CC=CC=C2)C(=O)SCC)C#CC3=CC=CC=C3,-2.7535830588929064,CCOC(=O)C1C(C)=NC(c2ccccc2)=C(C(=O)SCC)C1C#Cc1ccccc1
CC(C)C1=NC2=C(N1)C(=CC(=N2)C3=CC=CC=C3)C4=CC=CC=C4,-0.8633228601204559,CC(C)c1nc2nc(-c3ccccc3)cc(-c3ccccc3)c2[nH]1
COC1=CC=C(C=C1)N2C(=O)N3C4=C(C(=CC=C4)[N+](=O)[O-])N=C(C3=N2)NC(=O)C(C5=CC=CC=C5)C6=CC=CC=C6,0.0969100130080564,COc1ccc(-n2nc3c(NC(=O)C(c4ccccc4)c4ccccc4)nc4c([N+](=O)[O-])cccc4n3c2=O)cc1
C1CCC(CC1)CC(=O)NC2=NC3=C(C(=N2)N)N=CN3C4C(C(C(O4)CO)O)O,-3.089905111439398,Nc1nc(NC(=O)CC2CCCCC2)nc2c1ncn2C1OC(CO)C(O)C1O
CNC1=NC2=NC(=NN2C(=N1)N)C3=CC=CO3,-3.1931245983544616,CNc1nc(N)n2nc(-c3ccco3)nc2n1
COC1=CC=C(C=C1)NC2=NC3=CC=CC=C3C4=C2NC(=N4)C5CCCC5,-2.6127838567197355,COc1ccc(Nc2nc3ccccc3c3nc(C4CCCC4)[nH]c23)cc1
C1CCN(C1)C2=NC3=CC=CC=C3C(=N2)NC(=O)NC4=CC=CC=C4,-1.9138138523837167,O=C(Nc1ccccc1)Nc1nc(N2CCCC2)nc2ccccc12
C1=CC=C(C=C1)N2C=C3C4=CC=CC=C4N=C(C3=N2)NC(=O)C5=NC=NC=C5,-2.322219294733919,O=C(Nc1nc2ccccc2c2cn(-c3ccccc3)nc12)c1ccncn1
C1CN(CCN1CC=CC2=CC=CC=C2)C(C3=CC=C(C=C3)F)C4=CC=C(C=C4)F,-3.4680517914542377,Fc1ccc(C(c2ccc(F)cc2)N2CCN(CC=Cc3ccccc3)CC2)cc1
CC1=CC=C(C=C1)N2C(=O)N3C4=CC=CC=C4N=C(C3=N2)N,-1.683947130751512,Cc1ccc(-n2nc3c(N)nc4ccccc4n3c2=O)cc1
COC1=CC=CC(=C1)C(=O)NC2=NC(=NC3=C2N=NN3CC4=CC=CC=C4)C5=CC=CC=C5,-3.7428036584691657,COc1cccc(C(=O)Nc2nc(-c3ccccc3)nc3c2nnn3Cc2ccccc2)c1
C1=CC=C2C(=C1)N(C3=NN=C(C(=O)N23)C4=CC=CO4)C5=CC=C(C=C5)Cl,-2.846337112129805,O=c1c(-c2ccco2)nnc2n(-c3ccc(Cl)cc3)c3ccccc3n12
CCNC(=O)C1C(C(C(O1)N2C=NC3=C2N=CN=C3NC(=O)NC4=CC=C(C=C4)S(=O)(=O)N5CCOCC5)O)O,-1.3010299956639813,CCNC(=O)C1OC(n2cnc3c(NC(=O)Nc4ccc(S(=O)(=O)N5CCOCC5)cc4)ncnc32)C(O)C1O
CN1C=C2C(=N1)N=C(N3C2=NC(=N3)C4=CC=C(C=C4)Br)NC(=O)NC5=CC=C(C=C5)F,-0.2355284469075489,Cn1cc2c(nc(NC(=O)Nc3ccc(F)cc3)n3nc(-c4ccc(Br)cc4)nc23)n1
C1CCC(C1)NC2=NC=NC3=C2N=CN3C4C(C(C(O4)CCl)O)O,-2.5751878449276613,OC1C(CCl)OC(n2cnc3c(NC4CCCC4)ncnc32)C1O
CNC1=NC(=NC2=C1N=CN2C3C4CC4(C(C3O)O)C(=O)NC)C#CC5=CC(=CC=C5)F,0.013228265733755159,CNC(=O)C12CC1C(n1cnc3c(NC)nc(C#Cc4cccc(F)c4)nc31)C(O)C2O
CCC1=CN2C(=N1)N=C(N=C2NC(=O)C3CCCC3)C4=CC=CC=C4,-1.3053513694466237,CCc1cn2c(NC(=O)C3CCCC3)nc(-c3ccccc3)nc2n1
CCCCCCCCN1C=C2C(=N1)N=C(N3C2=NC(=N3)C4=CC=CO4)NC(=O)NC5CCCCC5,-1.2119210843085093,CCCCCCCCn1cc2c(nc(NC(=O)NC3CCCCC3)n3nc(-c4ccco4)nc23)n1
CCCN1C2=C(C(=O)N(C1=O)CCC)NC(=N2)C3=CC=C(C=C3)OCC(=O)O,-3.5961059002689804,CCCn1c(=O)c2[nH]c(-c3ccc(OCC(=O)O)cc3)nc2n(CCC)c1=O
CCNC(=O)C1C(C(C(S1)N2C=NC3=C2N=CN=C3NC)O)O,0.013228265733755159,CCNC(=O)C1SC(n2cnc3c(NC)ncnc32)C(O)C1O
CCNC1=NC(=NC2=C1N=CN2C3C4CC4C(C3O)O)C#CC5=CC=CC=C5Cl,-0.7634279935629373,CCNc1nc(C#Cc2ccccc2Cl)nc2c1ncn2C1C(O)C(O)C2CC21
C1C(C(C(S1)N2C=NC3=C2N=CN=C3NCC4=CC(=CC=C4)Br)O)O,-0.8325089127062363,OC1CSC(n2cnc3c(NCc4cccc(Br)c4)ncnc32)C1O
COC1=CC=C(C=C1)N2C=C3C(=N2)C(=NC(=N3)C4=CC=CC=C4)NC(=O)CC5=CC=CC=C5,-1.3802112417116061,COc1ccc(-n2cc3nc(-c4ccccc4)nc(NC(=O)Cc4ccccc4)c3n2)cc1
C1=CC=C(C=C1)C(CCNC(=O)C2C(C(C(O2)N3C=NC4=C3N=C(N=C4NCC5=CC(=CC=C5)I)Cl)O)O)C6=CC=CC=C6,-2.5400039448500267,O=C(NCCC(c1ccccc1)c1ccccc1)C1OC(n2cnc3c(NCc4cccc(I)c4)nc(Cl)nc32)C(O)C1O
CNC1=NC(=NC2=C1N=CN2C3C4CC4(C(C3O)O)C(=O)NC)C#CC5=CC(=CC=C5)OC,0.040958607678906384,CNC(=O)C12CC1C(n1cnc3c(NC)nc(C#Cc4cccc(OC)c4)nc31)C(O)C2O
CCCN1C2=C(C(=O)N(C1=O)CCC)NC(=N2)C3=CN(N=C3)CC4=NOC(=C4)C5=CC=C(C=C5)C(F)(F)F,-3.0791812460476247,CCCn1c(=O)c2[nH]c(-c3cnn(Cc4cc(-c5ccc(C(F)(F)F)cc5)on4)c3)nc2n(CCC)c1=O
COC1=CC=C(C=C1)C2=CSC(=N2)NC3C4=C(C(=C(C=C4)OC)OC)C(=O)O3,-3.113943352306837,COc1ccc(-c2csc(NC3OC(=O)c4c3ccc(OC)c4OC)n2)cc1
CN1C=C2C(=N1)N=C(N3C2=NC(=N3)C4=CC=CO4)NC(=O)NC5=CC=C(C=C5)CC(=O)NCCCOCCOOCCCCCNC(=S)NC6=CC(=C(C=C6)C7=C8C=CC(=O)C=C8OC9=C7C=CC(=C9)[O-])C(=O)O,-2.315970345456918,Cn1cc2c(nc(NC(=O)Nc3ccc(CC(=O)NCCCOCCOOCCCCCNC(=S)Nc4ccc(-c5c6ccc(=O)cc-6oc6cc([O-])ccc56)c(C(=O)O)c4)cc3)n3nc(-c4ccco4)nc23)n1
C1CCC(C1)NC2=NC(=NC3=C2N=CN3C4C5CC5C(C4O)O)Cl,-2.0791812460476247,OC1C(O)C(n2cnc3c(NC4CCCC4)nc(Cl)nc32)C2CC12
C1=CC=C(C=C1)C(=O)NC2=NC3=C(C=CC=N3)N4C2=NN(C4=O)C5=CC=CC=C5,-1.846955325019824,O=C(Nc1nc2ncccc2n2c(=O)n(-c3ccccc3)nc12)c1ccccc1
CCOC(=O)C1=C(NC(=C(C1C2=CC(=CC=C2)[N+](=O)[O-])C(=O)OC)C)C,-3.9190780923760737,CCOC(=O)C1=C(C)NC(C)=C(C(=O)OC)C1c1cccc([N+](=O)[O-])c1
COC1=C(C=C(C=C1)CN=NC2=NC3=C(C(=N2)N)N=CN3C4C(C(C(O4)CO)O)O)Cl,-1.7075701760979365,COc1ccc(CN=Nc2nc(N)c3ncn(C4OC(CO)C(O)C4O)c3n2)cc1Cl
C1=NC2=C(N1C3C(C(C(O3)CO)O)O)N=C(N=C2N)[N+](=O)[O-],-2.305351369446624,Nc1nc([N+](=O)[O-])nc2c1ncn2C1OC(CO)C(O)C1O
CNC(=O)C12CC1C(C(C2O)O)N3C=NC4=C3N=CN=C4NCC5=CC(=CC=C5)I,-0.11394335230683678,CNC(=O)C12CC1C(n1cnc3c(NCc4cccc(I)c4)ncnc31)C(O)C2O
C1=CC=C(C=C1)CN2C3=C(C(=O)NC2=O)N4C=CC=CC4=N3,-2.568201724066995,O=c1[nH]c(=O)n(Cc2ccccc2)c2nc3ccccn3c12
CC(=O)NC1=NC(=NC2=NC(=CN21)C3=CC=CC=C3)C4=CC=CC=C4,-1.6020599913279625,CC(=O)Nc1nc(-c2ccccc2)nc2nc(-c3ccccc3)cn12
C1=CC=C(C=C1)CCC(=O)NC2=NC3=C(C=C(C=C3)Cl)C4=NC(=NN42)C5=CC=CO5,-1.3729120029701067,O=C(CCc1ccccc1)Nc1nc2ccc(Cl)cc2c2nc(-c3ccco3)nn12
C1=CC=C(C=C1)C2=C(SC(=N2)NC(=O)C3=CC=CO3)C4=CC=CC=N4,-3.3096301674258988,O=C(Nc1nc(-c2ccccc2)c(-c2ccccn2)s1)c1ccco1
CC1=CC=CC=C1CNC2=NC(=NC3=C2N=CN3C4C(C(C(S4)C(=O)NC5CC5)O)O)Cl,-1.4440447959180762,Cc1ccccc1CNc1nc(Cl)nc2c1ncn2C1SC(C(=O)NC2CC2)C(O)C1O
CN1C2=CC=CC=C2C3=CN(N=C3C1=O)C4=CC=CC=C4,-2.071882007306125,Cn1c(=O)c2nn(-c3ccccc3)cc2c2ccccc21
C1=CC=C(C=C1)N2C(=O)N3C4=CC=CC=C4N=C(C3=N2)NC(=O)C5=CC=NC=C5,-0.7853298350107671,O=C(Nc1nc2ccccc2n2c(=O)n(-c3ccccc3)nc12)c1ccncc1
CNC(=O)C12CC1C(C(C2O)O)N3C=NC4=C3N=C(N=C4NCC5=CC(=CC=C5)Cl)Cl,0.5376020021010439,CNC(=O)C12CC1C(n1cnc3c(NCc4cccc(Cl)c4)nc(Cl)nc31)C(O)C2O
CN1C2=C(C(=O)N(C1=O)C)NC(=C2)C3=CC=C(C=C3)COC(=O)NC4=CC=CC=C4,-2.4393326938302633,Cn1c(=O)c2[nH]c(-c3ccc(COC(=O)Nc4ccccc4)cc3)cc2n(C)c1=O
CCC1=C(C(=[N+](C(=C1C(=O)SCC)C)C)C2=CC=CC=C2)C(=O)OCC,-2.578639209968072,CCOC(=O)c1c(CC)c(C(=O)SCC)c(C)[n+](C)c1-c1ccccc1
CC1(C(C(OC1N2C=NC3=C2N=CN=C3NC4CCCCC4)CO)O)O,-3.4082399653118496,CC1(O)C(O)C(CO)OC1n1cnc2c(NC3CCCCC3)ncnc21
CCOC(=O)C1C(C(=C(N=C1C)C2=CC=CC=C2)C(=O)OCC)C=CC3=CC=CC=C3OC,-2.523746466811565,CCOC(=O)C1=C(c2ccccc2)N=C(C)C(C(=O)OCC)C1C=Cc1ccccc1OC
CCN1C2=C(C(=O)N(C1=O)CC3CC3)NC(=N2)C4=CN(N=C4)CC5=CC(=CC=C5)C(F)(F)F,-2.513217600067939,CCn1c(=O)n(CC2CC2)c(=O)c2[nH]c(-c3cnn(Cc4cccc(C(F)(F)F)c4)c3)nc21
C1CN2C(=O)C3=NNN=C3N=C2SC1,-2.640481436970422,O=c1c2n[nH]nc2nc2n1CCCS2
CCCCC#CC1=NC2=C(C(=N1)NC)N=CN2C3C(C(C(O3)CO)O)O,-0.04139268515822507,CCCCC#Cc1nc(NC)c2ncn(C3OC(CO)C(O)C3O)c2n1
CCCCC1=C(C2=CC=CC=C2O1)C(=O)C3=CC(=C(C(=C3)I)OCCN(CC)CC)I,-3.9964241039550914,CCCCc1oc2ccccc2c1C(=O)c1cc(I)c(OCCN(CC)CC)c(I)c1
CN1C=C2C(=N1)N=C(N3C2=NC(=N3)C4=CC=CO4)NC(=O)NC5=C[N+](=CC=C5)[O-],-1.0,Cn1cc2c(nc(NC(=O)Nc3ccc[n+]([O-])c3)n3nc(-c4ccco4)nc23)n1
CC1=CC=C(C=C1)N2C(=O)N3C4=CC=CC=C4NC(=O)C3=N2,-1.3979400086720375,Cc1ccc(-n2nc3c(=O)[nH]c4ccccc4n3c2=O)cc1
CN1C=C2C(=N1)N=C(N3C2=NC(=N3)C4=CC=CO4)NC(=O)CCCC5=CN(N=N5)CCCCCCNC(=O)C6=CC(=C(C=C6)C7=C8C=CC(=N)C(=C8OC9=C7C=CC(=C9S(=O)(=O)O)N)S(=O)(=O)O)C(=O)O,-1.5024271199844328,Cn1cc2c(nc(NC(=O)CCCc3cn(CCCCCCNC(=O)c4ccc(-c5c6ccc(=N)c(S(=O)(=O)O)c-6oc6c(S(=O)(=O)O)c(N)ccc56)c(C(=O)O)c4)nn3)n3nc(-c4ccco4)nc23)n1
C1CCC(C1)C(=O)NC2=NC(=CC(=N2)C3=CC=CC=C3)C4=CC=CC=C4,-2.230448921378274,O=C(Nc1nc(-c2ccccc2)cc(-c2ccccc2)n1)C1CCCC1
C1=CC=C(C=C1)CCN2C(=O)C3=C(NC2=O)N=CN3,-3.875639937004169,O=c1[nH]c2nc[nH]c2c(=O)n1CCc1ccccc1
CCNC(=O)C1C(C(C(O1)N2C=NC3=C2N=C(N=C3N)NC(=O)CCC4CCCC4)O)O,-3.004321373782642,CCNC(=O)C1OC(n2cnc3c(N)nc(NC(=O)CCC4CCCC4)nc32)C(O)C1O
CCCN1C2=C(C(=O)N(C1=O)CCC)NC(=N2)C3=CN(N=C3)CC4=NOC(=N4)C5=CC(=CC=C5)C(F)(F)F,-3.255272505103306,CCCn1c(=O)c2[nH]c(-c3cnn(Cc4noc(-c5cccc(C(F)(F)F)c5)n4)c3)nc2n(CCC)c1=O
C1=CC=C(C=C1)C(=O)N(C2=NC3=C(C=CC=C3N)N4C2=NN(C4=O)C5=CC=CC=C5)C(=O)C6=CC=CC=C6,-3.0944711286416453,Nc1cccc2c1nc(N(C(=O)c1ccccc1)C(=O)c1ccccc1)c1nn(-c3ccccc3)c(=O)n12
CCOC1=CC(=C2C(=C1)OC(=C(C2=O)OCC)C3=CC=CC=C3)OCC,-2.5611013836490564,CCOc1cc(OCC)c2c(=O)c(OCC)c(-c3ccccc3)oc2c1
CN1C=C2C(=N1)N=C(N3C2=NC(=N3)C4=CC=CO4)N=C(NC5=CC=CC(=C5)C(F)(F)F)NC6=CC=CC(=C6)C(F)(F)F,-2.716003343634799,Cn1cc2c(nc(N=C(Nc3cccc(C(F)(F)F)c3)Nc3cccc(C(F)(F)F)c3)n3nc(-c4ccco4)nc23)n1
C1=CC=C2C(=C1)N=NN2CCOC3=NC4=C(C(=N3)N)N=CN4C5C(C(C(O5)CO)O)O,-3.2833012287035497,Nc1nc(OCCn2nnc3ccccc32)nc2c1ncn2C1OC(CO)C(O)C1O
CNC(=O)C12CC1C(C(C2O)O)N3C=NC4=C3N=C(N=C4NCC5=CC(=CC=C5)Cl)C#CCCCCC6=CN(N=N6)C7=CC=C(C=C7)N,-1.9400181550076632,CNC(=O)C12CC1C(n1cnc3c(NCc4cccc(Cl)c4)nc(C#CCCCCc4cn(-c5ccc(N)cc5)nn4)nc31)C(O)C2O
C1C(C1NC2=NC(=NC3=C2N=CN3C4C(C(C(O4)CO)O)O)C#CC5=CC=CC=C5)C6=CC(=CC=C6)[N+](=O)[O-],-1.0453229787866574,O=[N+]([O-])c1cccc(C2CC2Nc2nc(C#Cc3ccccc3)nc3c2ncn3C2OC(CO)C(O)C2O)c1
C1=CC2=C(C=C1Cl)N3C(=NC(=N3)C4=COC=C4)C(=O)N2,-1.8920946026904804,O=c1[nH]c2ccc(Cl)cc2n2nc(-c3ccoc3)nc12
CC(C)(C)OC(=O)NCCCCCCC(=O)NC1=NC2=C(C=C(C=C2)Cl)C3=NC(=NN31)C4=CC=CO4,-1.7299742856995557,CC(C)(C)OC(=O)NCCCCCCC(=O)Nc1nc2ccc(Cl)cc2c2nc(-c3ccco3)nn12
CN1C=C2C(=N1)N=C(N3C2=NC(=N3)C4=CC=CO4)NC5CCCC5,-0.8853612200315121,Cn1cc2c(nc(NC3CCCC3)n3nc(-c4ccco4)nc23)n1
CCCN1C(=O)C2=C(NC1=O)N=C(N2)C3=CN(N=C3)CC4=CC(=CC=C4)C(F)(F)F,-2.845098040014257,CCCn1c(=O)[nH]c2nc(-c3cnn(Cc4cccc(C(F)(F)F)c4)c3)[nH]c2c1=O
CNC1=NC(=NC2=C1N=CN2C3C(C(C(O3)CO)O)O)C(=N)N,-3.4361626470407565,CNc1nc(C(=N)N)nc2c1ncn2C1OC(CO)C(O)C1O
CC(=O)NCCNC1=NC(=NC2=C1C=C(N2)C(=O)N3CCN(CC3)CCCC4=CC=CC=C4)C5=CC=CC=C5,-2.6532125137753435,CC(=O)NCCNc1nc(-c2ccccc2)nc2[nH]c(C(=O)N3CCN(CCCc4ccccc4)CC3)cc12
C1C2C1(C3C(C2N4C=NC5=C4N=C(N=C5NCC6=CC(=CC=C6)I)Cl)O3)CO,-2.7573960287930244,OCC12CC1C(n1cnc3c(NCc4cccc(I)c4)nc(Cl)nc31)C1OC12
CNC1=NC(=NC2=C1N=CN2C3C4CC4(C(C3O)O)C(=O)NC)C#CC5=CC6=CC=CC=C6C7=CC=CC=C75,-0.5428254269591799,CNC(=O)C12CC1C(n1cnc3c(NC)nc(C#Cc4cc5ccccc5c5ccccc45)nc31)C(O)C2O
CCCN1C2=C(C(=O)N(C1=O)CCC)NC(=N2)C3=CC=C(C=C3)OCC(=O)NN4C(=O)C(=C(C4=O)C)C,-2.8260748027008264,CCCn1c(=O)c2[nH]c(-c3ccc(OCC(=O)NN4C(=O)C(C)=C(C)C4=O)cc3)nc2n(CCC)c1=O
CCCC1C(C(=NC(=C1C(=O)OCC)C)C)C(=O)OC,-3.813580988568192,CCCC1C(C(=O)OCC)=C(C)N=C(C)C1C(=O)OC
C1C(C(C(O1)N2C=NC3=C2N=C(N=C3NCC4=CC(=CC=C4)Cl)Cl)O)O,-1.8750612633917,OC1COC(n2cnc3c(NCc4cccc(Cl)c4)nc(Cl)nc32)C1O
C1=CC=C(C=C1)N2C=C3C(=N2)C(=NC(=N3)C4=CC=C(C=C4)O)N,-2.635483746814912,Nc1nc(-c2ccc(O)cc2)nc2cn(-c3ccccc3)nc12
CNC(=O)C1=CN=C(N2C1=NC(=N2)C3=CC=CO3)NC(=O)CC4=CC=CC=C4,-3.0755469613925306,CNC(=O)c1cnc(NC(=O)Cc2ccccc2)n2nc(-c3ccco3)nc12
CNC(=O)C12CC1C(C(C2O)O)N3C=NC4=C3N=C(N=C4NCCC5=CC=C(C=C5)S(=O)(=O)O)C#CC6=CC=CC=C6,-1.08278537031645,CNC(=O)C12CC1C(n1cnc3c(NCCc4ccc(S(=O)(=O)O)cc4)nc(C#Cc4ccccc4)nc31)C(O)C2O
C1=CC=C(C=C1)CCCC(=O)NC2=NC3=C(C=CC(=C3)Cl)C(=O)S2,-1.9618954736678504,O=C(CCCc1ccccc1)Nc1nc2cc(Cl)ccc2c(=O)s1
CC1=NC2=NN(N=C2C(=O)N1)C3=CC=CC=C3,-2.5065050324048723,Cc1nc2nn(-c3ccccc3)nc2c(=O)[nH]1
C1=CC=C(C=C1)CC(=O)NC2=NC3=C(C=CC=N3)N4C2=NN(C4=O)C5=CC=CC=C5,-1.0681858617461617,O=C(Cc1ccccc1)Nc1nc2ncccc2n2c(=O)n(-c3ccccc3)nc12
CC(=O)NC1=NC2=C(C=CC=C2N)N3C1=NN(C3=O)C4=CC=CC=C4,-1.6812412373755872,CC(=O)Nc1nc2c(N)cccc2n2c(=O)n(-c3ccccc3)nc12
CC(CC1=CC=CC=C1)NC2=NC=NC3=C2N=CN3C4C(C(C(O4)CO)O)O,-1.8325089127062364,CC(Cc1ccccc1)Nc1ncnc2c1ncn2C1OC(CO)C(O)C1O
COC1=CC(=C(C=C1)C2=C(C(=O)C3=C(C=C(C=C3O2)OC)OC)OC)OC,-3.423245873936808,COc1ccc(-c2oc3cc(OC)cc(OC)c3c(=O)c2OC)c(OC)c1
CNC(=O)OCC1C(C(C(O1)N2C=NC3=C2N=C(N=C3NCC4=CC(=CC=C4)I)Cl)O)O,-0.7781512503836436,CNC(=O)OCC1OC(n2cnc3c(NCc4cccc(I)c4)nc(Cl)nc32)C(O)C1O
CCN1C=C2C(=N1)N=C(N3C2=NC(=N3)C4=CC=CO4)NC(=O)NC5=CC=CC=C5Cl,0.5228787452803376,CCn1cc2c(nc(NC(=O)Nc3ccccc3Cl)n3nc(-c4ccco4)nc23)n1
CNC1=NC(=NC2=C1N=CN2C3C(C(C(O3)CO)O)O)C4=CN(N=N4)CC5=CC(=CC=C5)OC,-1.9350031514536548,CNc1nc(-c2cn(Cc3cccc(OC)c3)nn2)nc2c1ncn2C1OC(CO)C(O)C1O
CCOC(=O)C1=NC(=NC2=NN(C=C12)C)N,-2.9542425094393248,CCOC(=O)c1nc(N)nc2nn(C)cc12
CC(C)NC1=NC2=NC(=NN2C(=N1)NCC3=CC=CC=C3)C4=CC=CO4,-2.0569048513364727,CC(C)Nc1nc(NCc2ccccc2)n2nc(-c3ccco3)nc2n1
CC(C)CCN1C=C2C(=N1)N=C(N3C2=NC(=N3)C4=CC=CO4)NC(=O)CC5=CC=C(C=C5)OC,-2.55509444857832,COc1ccc(CC(=O)Nc2nc3nn(CCC(C)C)cc3c3nc(-c4ccco4)nn23)cc1
C1COCCN1C(=O)C2C(C(C(S2)N3C=NC4=C3N=C(N=C4NCC5=CC(=CC=C5)I)Cl)O)O,-2.7075701760979363,O=C(C1SC(n2cnc3c(NCc4cccc(I)c4)nc(Cl)nc32)C(O)C1O)N1CCOCC1
C1C2C1(C(C(C2N3C=NC4=C3N=CN=C4NCC5=CC(=CC=C5)I)O)O)CO,-0.8162412999917831,OCC12CC1C(n1cnc3c(NCc4cccc(I)c4)ncnc31)C(O)C2O
CCCN1C(=O)C2=C(NC1=O)N=C(N2)C3=CC=C(C=C3)S(=O)(=O)NCCC4=CC=CC=C4,-4.0,CCCn1c(=O)[nH]c2nc(-c3ccc(S(=O)(=O)NCCc4ccccc4)cc3)[nH]c2c1=O
C1=CC=C(C=C1)CCNC2=NC(=C3C(=N2)SC(=N3)C4=CC=CO4)N,-2.3364597338485296,Nc1nc(NCCc2ccccc2)nc2sc(-c3ccco3)nc12
C1=CC=C(C=C1)C2=C3C(=NC(=N2)C4=CC=CC=C4)N=CN3,-1.57978359661681,c1ccc(-c2nc(-c3ccccc3)c3[nH]cnc3n2)cc1
C1CC1NC2=NC(=NC3=C2NC=N3)NC4=CC=C(C=C4)N5CCOCC5,-3.2718416065364986,c1nc2nc(Nc3ccc(N4CCOCC4)cc3)nc(NC3CC3)c2[nH]1
CN1C=C2C(=N1)N=C(N3C2=NC(=N3)C4=CC=CO4)NC(=O)NC5=CN=CC=C5,0.3565473235138126,Cn1cc2c(nc(NC(=O)Nc3cccnc3)n3nc(-c4ccco4)nc23)n1
CNC(=O)C12CC1C(C(C2O)O)N3C=NC4=C3N=C(N=C4NCC5=C(C=CC(=C5)Cl)OCC6=CC=CC=C6)Cl,-0.7160033436347992,CNC(=O)C12CC1C(n1cnc3c(NCc4cc(Cl)ccc4OCc4ccccc4)nc(Cl)nc31)C(O)C2O
C1=CC(=CC(=C1)I)CNC2=NC=NC3=C2N=CN3C4C(C(C(O4)CO)NC(=O)N)O,-2.537819095073274,NC(=O)NC1C(CO)OC(n2cnc3c(NCc4cccc(I)c4)ncnc32)C1O
C1CC(OC1)NC2=NC(=NC3=C2N=CN3C4C(C(C(O4)CO)O)O)N5C=C(C=N5)C(=O)NCC6=CC=C(C=C6)F,-1.1760912590556811,O=C(NCc1ccc(F)cc1)c1cnn(-c2nc(NC3CCCO3)c3ncn(C4OC(CO)C(O)C4O)c3n2)c1
CCOC(=O)C1C(C(=C(N=C1C)C2=COC=C2)C(=O)OCC)C=CC3=CC=CC=C3,-2.957607287060095,CCOC(=O)C1=C(c2ccoc2)N=C(C)C(C(=O)OCC)C1C=Cc1ccccc1
CN1C=C2C(=N1)N=C(N3C2=NC(=N3)C4=CC=CO4)NC(=O)NC5CCN(CC5)CC6CCCCC6,-0.9867717342662448,Cn1cc2c(nc(NC(=O)NC3CCN(CC4CCCCC4)CC3)n3nc(-c4ccco4)nc23)n1
CCCCC#CC1=NC2=C(C(=N1)N)N=CN2C3C(C(C(O3)CO)O)O,-1.0334237554869496,CCCCC#Cc1nc(N)c2ncn(C3OC(CO)C(O)C3O)c2n1
CNC1=NC(=NC2=C1N=CN2C3C4CC4(C(C3O)O)C(=O)NC)N5C=C(N=N5)C6=CC=C(S6)Cl,0.1366771398795441,CNC(=O)C12CC1C(n1cnc3c(NC)nc(-n4cc(-c5ccc(Cl)s5)nn4)nc31)C(O)C2O
CC(=O)NC1=NC(=NC(=C1)C=CC2=CC=C(C=C2)OC)C=CC3=CC=C(C=C3)OC,-2.710117365111816,COc1ccc(C=Cc2cc(NC(C)=O)nc(C=Cc3ccc(OC)cc3)n2)cc1
COC1=CC=C(C=C1)CC(=O)NC2=NC3=NN(C=C3C4=NC(=NN42)C5=CC=CO5)CCCC6=CC=CC=C6,-2.0791812460476247,COc1ccc(CC(=O)Nc2nc3nn(CCCc4ccccc4)cc3c3nc(-c4ccco4)nn23)cc1
CC(C)(C)C1=CC(=CC(=C1O)C(C)(C)C)C(=O)NCCC2=CC=C(C=C2)NC3=NC=NC4=C3N=CN4C5C(C(C(O5)C(=O)NC)O)O,-1.6532125137753435,CNC(=O)C1OC(n2cnc3c(Nc4ccc(CCNC(=O)c5cc(C(C)(C)C)c(O)c(C(C)(C)C)c5)cc4)ncnc32)C(O)C1O
CCCSCC1C(C(C(O1)N2C=NC3=C2N=CN=C3NCC4=CC(=CC=C4)I)O)O,-1.6464037262230695,CCCSCC1OC(n2cnc3c(NCc4cccc(I)c4)ncnc32)C(O)C1O
C1=CC=C(C=C1)C2=NC(=NN2)NC(=O)C3=CC=CC=C3,-2.4771212547196626,O=C(Nc1n[nH]c(-c2ccccc2)n1)c1ccccc1
CCCCC1=NC2=C(C3=NC(=NN13)C4=CC=C(C=C4)OCCC)NC=N2,0.2924298239020636,CCCCc1nc2nc[nH]c2c2nc(-c3ccc(OCCC)cc3)nn12
C1=CC(=CC(=C1)F)CNC2=NC(=C3C(=N2)SC(=N3)C4=CC=CO4)N,-1.5440680443502757,Nc1nc(NCc2cccc(F)c2)nc2sc(-c3ccco3)nc12
C1=CC(=CC(=C1)F)CNC(=O)C2=NC(=NC(=C2)C3=CC=CO3)N,-3.0265332645232967,Nc1nc(C(=O)NCc2cccc(F)c2)cc(-c2ccco2)n1
CN1C=C2C(=N1)N=C(N3C2=NC(=N3)C4=CC=CO4)N=C(NC5=CC=C(C=C5)F)NC6=CC=C(C=C6)F,-2.0863598306747484,Cn1cc2c(nc(N=C(Nc3ccc(F)cc3)Nc3ccc(F)cc3)n3nc(-c4ccco4)nc23)n1
CNC1=NC(=NC2=C1N=CN2C3C(C(C(O3)CO)O)O)N4C=C(C=N4)C5=CC=CC=N5,-0.3010299956639812,CNc1nc(-n2cc(-c3ccccn3)cn2)nc2c1ncn2C1OC(CO)C(O)C1O
CCOC(=O)C1C(C(=C(N=C1C)C2=CC=CC=C2)C(=O)OCC)C#CC3=CC=CC=C3,-1.8864907251724816,CCOC(=O)C1=C(c2ccccc2)N=C(C)C(C(=O)OCC)C1C#Cc1ccccc1
CC(C)(C)CN1C=C2C(=N1)N=C(N=C2Cl)NC(=O)C3=CC=C(C=C3)F,-3.770852011642144,CC(C)(C)Cn1cc2c(Cl)nc(NC(=O)c3ccc(F)cc3)nc2n1
C#CCN1C(=O)C2=C(NC1=O)N=CN2,-3.4885507165004443,C#CCn1c(=O)[nH]c2nc[nH]c2c1=O
C1CC1C(=O)NC2=NC(=NC(=C2)C3=CC=CC=C3)C4=CC=CC=C4,-1.3979400086720375,O=C(Nc1cc(-c2ccccc2)nc(-c2ccccc2)n1)C1CC1
CC(C)(C)OC(=O)CCCCOOCCNC(=O)CC1=CC=C(C=C1)NC(=O)NC2=NC3=NN(C=C3C4=NC(=NN42)C5=CC=CO5)C,-1.8739015978644613,Cn1cc2c(nc(NC(=O)Nc3ccc(CC(=O)NCCOOCCCCC(=O)OC(C)(C)C)cc3)n3nc(-c4ccco4)nc23)n1
CC1=CC=C(C=C1)CNC(=O)N2CCC(CC2)NC(=O)NC3=NC4=NN(C=C4C5=NC(=NN53)C6=CC=CO6)C,-0.5910646070264992,Cc1ccc(CNC(=O)N2CCC(NC(=O)Nc3nc4nn(C)cc4c4nc(-c5ccco5)nn34)CC2)cc1
C1CCC(C1)NC2=NC(=NC3=C2N=CN3C4C(C(C(O4)O)O)O)Cl,-1.6232492903979006,OC1OC(n2cnc3c(NC4CCCC4)nc(Cl)nc32)C(O)C1O
CN1C2=C(C=N1)N=C(N3C2=NC(=N3)C4=CC=CO4)NC5CCCCC5,-2.7050079593333356,Cn1ncc2nc(NC3CCCCC3)n3nc(-c4ccco4)nc3c21
CC(C1CC1)NC2=NC(=NC3=C2N=CN3C45CC4C(C(C5)O)O)Cl,-2.041392685158225,CC(Nc1nc(Cl)nc2c1ncn2C12CC(O)C(O)C1C2)C1CC1
CCCN1C(=O)C2=C(NC1=O)N=C(N2)C3=CC=C(C=C3)S(=O)(=O)N4CCN(CC4)CC5=CC=C(C=C5)Cl,-3.0,CCCn1c(=O)[nH]c2nc(-c3ccc(S(=O)(=O)N4CCN(Cc5ccc(Cl)cc5)CC4)cc3)[nH]c2c1=O
C1=CC(=CC=C1NC2=NC3=C(S2)N=CN=C3Cl)[N+](=O)[O-],-3.90036712865647,O=[N+]([O-])c1ccc(Nc2nc3c(Cl)ncnc3s2)cc1
CC1=NOC(=C1)OCC2=C(C=C(C=C2)Cl)CNC3=NC=NC4=C3N=CN4C5C(C(C(O5)C(=O)NC)N)O,-0.7634279935629373,CNC(=O)C1OC(n2cnc3c(NCc4cc(Cl)ccc4COc4cc(C)no4)ncnc32)C(O)C1N
C1C(C(C(O1)N2C=NC3=C2N=CN=C3NCC4=CC(=CC=C4)Cl)O)O,-1.8813846567705728,OC1COC(n2cnc3c(NCc4cccc(Cl)c4)ncnc32)C1O
CC1=CC(=C(C=C1NC(=O)C2=CC(=CC(=C2O)I)I)Cl)C(C#N)C3=CC=C(C=C3)Cl,-1.7323937598229686,Cc1cc(C(C#N)c2ccc(Cl)cc2)c(Cl)cc1NC(=O)c1cc(I)cc(I)c1O
C1=CC=C(C(=C1)CN2C3=NC(=NC(=C3N=N2)C4=CN=CS4)N)F,-3.2501759480839247,Nc1nc(-c2cncs2)c2nnn(Cc3ccccc3F)c2n1
CCNC(=O)C1=CN(N=C1)C2=NC3=C(C(=N2)NC4=CC=C(C=C4)C)N=CN3C5C(C(C(O5)CO)O)O,0.1549019599857432,CCNC(=O)c1cnn(-c2nc(Nc3ccc(C)cc3)c3ncn(C4OC(CO)C(O)C4O)c3n2)c1
CCSCC1C(C(C(O1)N2C=NC3=C2N=CN=C3NCC4=CC(=CC=C4)I)O)O,-1.2430380486862944,CCSCC1OC(n2cnc3c(NCc4cccc(I)c4)ncnc32)C(O)C1O
COC1=CC=CC=C1CNC2=NC(=NC3=C2N=CN3C4C(C(CS4)O)O)Cl,-1.2988530764097066,COc1ccccc1CNc1nc(Cl)nc2c1ncn2C1SCC(O)C1O
CCCN1C(=O)C2=C(N=C(N2C)C3=CC=CC=C3)N(C1=O)CC4CCCO4,-2.8000018278179692,CCCn1c(=O)c2c(nc(-c3ccccc3)n2C)n(CC2CCCO2)c1=O
COCC1C(C(C(O1)N2C=NC3=C2N=CN=C3N)O)O,-1.6053050461411094,COCC1OC(n2cnc3c(N)ncnc32)C(O)C1O
CCCCCCCCCC1=CC=C(C=C1)O,-3.0342272607705505,CCCCCCCCCc1ccc(O)cc1
CCOC(=O)C1=C(N=C(C(C1C2=CC(=CC=C2)[N+](=O)[O-])C(=O)OC)C)C,-3.9190780923760737,CCOC(=O)C1=C(C)N=C(C)C(C(=O)OC)C1c1cccc([N+](=O)[O-])c1
CN1C=C2C(=N1)N=C(N3C2=NC(=N3)C4=CC=CO4)NC(=O)NC5CCNCC5,-1.8129133566428557,Cn1cc2c(nc(NC(=O)NC3CCNCC3)n3nc(-c4ccco4)nc23)n1
CCNC(=O)C1C(C(C(O1)N2C=NC3=C2N=C(N=C3NCC4=CC(=CC=C4)I)Cl)O)O,0.04997609347667352,CCNC(=O)C1OC(n2cnc3c(NCc4cccc(I)c4)nc(Cl)nc32)C(O)C1O
CN1C2=C(C(=O)N(C1=O)C)NC(=N2)C3=CC=C(C=C3)S(=O)(=O)NCCO,-4.0,Cn1c(=O)c2[nH]c(-c3ccc(S(=O)(=O)NCCO)cc3)nc2n(C)c1=O
CCNC(=O)C1C(C(C(O1)N2C=NC3=C2N=CN=C3NC(=O)NC4=CC=C(C=C4)S(=O)(=O)NC56CC7CC(C5)CC(C7)C6)O)O,-1.5440680443502757,CCNC(=O)C1OC(n2cnc3c(NC(=O)Nc4ccc(S(=O)(=O)NC56CC7CC(CC(C7)C5)C6)cc4)ncnc32)C(O)C1O
C1=CC=C(C=C1)CNC2=NC3=NC(=NN3C(=N2)NCC4=CC=CC=C4)C5=CC=CO5,-1.568201724066995,c1ccc(CNc2nc(NCc3ccccc3)n3nc(-c4ccco4)nc3n2)cc1
CC(C)(C)C(C)(C)NC1=NC2=NN(C=C2C3=NC(=NN31)C4=CC=CO4)C,-2.113943352306837,Cn1cc2c(nc(NC(C)(C)C(C)(C)C)n3nc(-c4ccco4)nc23)n1
C1CN(CCC1CC2=CC=CC=C2)C(=O)C3C(C(C(S3)N4C=NC5=C4N=C(N=C5NCC6=CC(=CC=C6)I)Cl)O)O,-2.9434945159061026,O=C(C1SC(n2cnc3c(NCc4cccc(I)c4)nc(Cl)nc32)C(O)C1O)N1CCC(Cc2ccccc2)CC1
CCCCC1=CN(N=N1)C2=NC3=C(C(=N2)NC)N=CN3C4C(C(C(O4)C(=O)NCC)O)O,-0.7481880270062005,CCCCc1cn(-c2nc(NC)c3ncn(C4OC(C(=O)NCC)C(O)C4O)c3n2)nn1
C1C(C1NC2=NC(=NC3=C2N=CN3C4C(C(C(O4)CO)O)O)C#CC5=CC=CC=C5)C6=CC=CC=C6,0.06550154875643227,OCC1OC(n2cnc3c(NC4CC4c4ccccc4)nc(C#Cc4ccccc4)nc32)C(O)C1O
CNC(=O)C1C(C(C(O1)N2C=NC3=C2N=C(N=C3N)Cl)O)O,0.40011692792631215,CNC(=O)C1OC(n2cnc3c(N)nc(Cl)nc32)C(O)C1O
CCOC(=O)C1=C(N=C(C(C1C2=CC=C(C=C2)OC)C(=O)OC)C)C,-3.6127838567197363,CCOC(=O)C1=C(C)N=C(C)C(C(=O)OC)C1c1ccc(OC)cc1
CN1C=C2C(=N1)N=C(N3C2=NC(=N3)C4=CC=CO4)NCCCNC(=S)NC5=CC(=C(C=C5)C6=C7C=CC(=O)C=C7OC8=C6C=CC(=C8)O)C(=O)O,-3.3783979009481366,Cn1cc2c(nc(NCCCNC(=S)Nc3ccc(-c4c5ccc(=O)cc-5oc5cc(O)ccc45)c(C(=O)O)c3)n3nc(-c4ccco4)nc23)n1
CN1C=C2C(=N1)N=C(N3C2=NC(=N3)C4=CC=CO4)NCCCCCO,-2.133538908370217,Cn1cc2c(nc(NCCCCCO)n3nc(-c4ccco4)nc23)n1
CCOC1=CC=CC=C1CNC2=NC(=NC3=C2N=CN3C45CC4C(C(C5)O)O)Cl,-1.1818435879447726,CCOc1ccccc1CNc1nc(Cl)nc2c1ncn2C12CC(O)C(O)C1C2
CCNC(=O)C1C(C(C(S1)N2C=NC3=C2N=C(N=C3NCC4=CC(=CC=C4)I)Cl)O)O,0.0506099933550872,CCNC(=O)C1SC(n2cnc3c(NCc4cccc(I)c4)nc(Cl)nc32)C(O)C1O
C#CCSC1=NC2=C(C(=N1)N)N=CN2C3C(C(C(O3)CO)O)O,-3.8444771757456815,C#CCSc1nc(N)c2ncn(C3OC(CO)C(O)C3O)c2n1
C1=CC(=C(C(=C1)F)CN2C3=NC(=NC(=C3N=N2)C4=CC=CO4)N)F,-2.3074960379132126,Nc1nc(-c2ccco2)c2nnn(Cc3c(F)cccc3F)c2n1
C1CC2(CCC1C2)NC3=NC(=NC4=C3N=CN4C5C(C(C(O5)CO)O)O)N6C=CC=N6,-3.1038037209559572,OCC1OC(n2cnc3c(NC45CCC(CC4)C5)nc(-n4cccn4)nc32)C(O)C1O
CC(C)(C)C1=NC2=C(N1)C(=CC(=N2)C3=CC=CC=C3)C4=CC=CC=C4,-2.060697840353612,CC(C)(C)c1nc2nc(-c3ccccc3)cc(-c3ccccc3)c2[nH]1
CCCCC#CC1=NC2=C(C(=N1)NOC)N=CN2C3C(C(C(O3)CO)O)O,-0.4471580313422192,CCCCC#Cc1nc(NOC)c2ncn(C3OC(CO)C(O)C3O)c2n1
CC1(C(C(OC1N2C=NC3=C2N=CN=C3NC4CC5CCC4C5)CSC6=CC=CC=C6F)O)O,-3.5415792439465807,CC1(O)C(O)C(CSc2ccccc2F)OC1n1cnc2c(NC3CC4CCC3C4)ncnc21
CC(C)C(C1CC1)NC2=NC(=NC3=C2N=CN3C4C5CC5C(C4O)O)Cl,-3.2355284469075487,CC(C)C(Nc1nc(Cl)nc2c1ncn2C1C(O)C(O)C2CC21)C1CC1
COC1=CC=C(C=C1)NC(=O)NC2=NC3=C(C4=NC(=NN42)C5=CC=CO5)N(N=C3)CCC6=CC=CC=C6,-2.318063334962761,COc1ccc(NC(=O)Nc2nc3cnn(CCc4ccccc4)c3c3nc(-c4ccco4)nn23)cc1
C1=CC=C(C=C1)CCN2C3=C(C=N2)N=C(N4C3=NC(=N4)C5=CC=CO5)N,-2.7803173121401508,Nc1nc2cnn(CCc3ccccc3)c2c2nc(-c3ccco3)nn12
C1CN(CCN1C2=NC3=NC(=NN3C(=N2)N)C4=CC=CO4)C(=O)CC5=CC=C(C=C5)Cl,-3.100370545117563,Nc1nc(N2CCN(C(=O)Cc3ccc(Cl)cc3)CC2)nc2nc(-c3ccco3)nn12
COC1=CC=C(C=C1)C(=O)NC2=NC(=NS2)C3=CC=CC=C3,-1.9138138523837167,COc1ccc(C(=O)Nc2nc(-c3ccccc3)ns2)cc1
CCCSC1=NC(=CC(=N1)OCC2CCCCC2)NC(=O)C,-1.3424226808222062,CCCSc1nc(NC(C)=O)cc(OCC2CCCCC2)n1
CN1C2=C(C(=O)N(C1=O)C)NC(=N2)C3=CN(N=C3)CC4=CC(=CC=C4)C(F)(F)F,-3.0,Cn1c(=O)c2[nH]c(-c3cnn(Cc4cccc(C(F)(F)F)c4)c3)nc2n(C)c1=O
CN1C=C2C(=N1)N=C(N3C2=NC(=N3)C4=CC=CO4)NC(=O)NC5CCN(CC5)C(=O)NC6CCCCC6,-1.1414497734004674,Cn1cc2c(nc(NC(=O)NC3CCN(C(=O)NC4CCCCC4)CC3)n3nc(-c4ccco4)nc23)n1
C1=CC=C(C=C1)N2C=C3C(=N2)C(=O)NC(=N3)C4=CC=CS4,-2.6159500516564007,O=c1[nH]c(-c2cccs2)nc2cn(-c3ccccc3)nc12
C1C2C1C(C(C2N3C=NC4=C3N=C(N=C4NCC5=CC(=CC=C5)Cl)Cl)O)O,-0.025305865264770258,OC1C(O)C(n2cnc3c(NCc4cccc(Cl)c4)nc(Cl)nc32)C2CC12
CN1C=C2C(=N1)N=C(N3C2=NC(=N3)C4=CC=CO4)NC(=O)NC5CCN(CC5)CC6CCCCC6.Cl,-0.9867717342662448,Cl.Cn1cc2c(nc(NC(=O)NC3CCN(CC4CCCCC4)CC3)n3nc(-c4ccco4)nc23)n1
CCCN1C(=O)C2=C(N=C(N2)C3=CN(N=C3)CC4=CC(=CC=C4)F)N(C1=O)CC,-2.977723605288848,CCCn1c(=O)c2[nH]c(-c3cnn(Cc4cccc(F)c4)c3)nc2n(CC)c1=O
CCOC(=O)C1=NC(=NC2=NN(C=C12)C(C)C)NC(=O)C3=CC=CC=C3,-3.934498451243568,CCOC(=O)c1nc(NC(=O)c2ccccc2)nc2nn(C(C)C)cc12
C1=CC=C(C=C1)CCN2C=C3C(=N2)N=C(N4C3=NC(=N4)C5=CC=CO5)NC(=O)NC6=CC(=CC=C6)Cl,-1.1139433523068367,O=C(Nc1cccc(Cl)c1)Nc1nc2nn(CCc3ccccc3)cc2c2nc(-c3ccco3)nn12
C1=CC=C(C=C1)CNC(=O)N2C=NC3=C(N=C(N=C32)N)C4=CC=CO4,-3.16790781000148,Nc1nc(-c2ccco2)c2ncn(C(=O)NCc3ccccc3)c2n1
CCOC1=CC(=C(C=C1)C2=C(C(=O)C3=C(C=C(C=C3O2)OCC)O)OCC)OCC,-3.6839471307515113,CCOc1ccc(-c2oc3cc(OCC)cc(O)c3c(=O)c2OCC)c(OCC)c1
COC1=CC=C(C=C1)N2C(=O)N3C4=C(N=CC=C4)N=C(C3=N2)N,-2.198657086954422,COc1ccc(-n2nc3c(N)nc4ncccc4n3c2=O)cc1
CCNC1=C2C(=NC(=C1)C#CC3=CC=C(S3)Cl)N(C=N2)C4C5CC5(C(C4O)O)C(=O)NC,-0.2304489213782739,CCNc1cc(C#Cc2ccc(Cl)s2)nc2c1ncn2C1C(O)C(O)C2(C(=O)NC)CC12
C1CCC(C1)C2=NN(C(=O)C3=C2C4=CC(=NN4C=N3)C5=CC=CC=C5)CC6=CC=CC=C6,-1.8061799739838869,O=c1c2ncn3nc(-c4ccccc4)cc3c2c(C2CCCC2)nn1Cc1ccccc1
CCOC(=O)C1=C(NC(=C(C1C#CC2=CC=CC=C2)C(=O)OCC3=CC=CC=C3)C4CC4)C,-1.4448251995097476,CCOC(=O)C1=C(C)NC(C2CC2)=C(C(=O)OCc2ccccc2)C1C#Cc1ccccc1
CN1C=C2C(=N1)N=C(N3C2=NC(=N3)C4=CC=CO4)NC(=O)NC5=CC=C(C=C5)Br,0.3372421683184259,Cn1cc2c(nc(NC(=O)Nc3ccc(Br)cc3)n3nc(-c4ccco4)nc23)n1
CCOC(=O)C1=NC(=NC2=NN(C=C12)CCC3=CC=CC=C3)NC(=O)C4=CC=C(C=C4)C,-3.4771212547196626,CCOC(=O)c1nc(NC(=O)c2ccc(C)cc2)nc2nn(CCc3ccccc3)cc12
CCOC1=NC2=C(C(=N1)N)N=CN2C3C(C(C(O3)CO)O)O,-2.7543483357110192,CCOc1nc(N)c2ncn(C3OC(CO)C(O)C3O)c2n1
CCCN1C(=O)C2=C(NC1=O)N=C(N2)C3=CC=C(C=C3)OCC(=O)OC,-1.9063350418050904,CCCn1c(=O)[nH]c2nc(-c3ccc(OCC(=O)OC)cc3)[nH]c2c1=O
CNC(=O)C1=CN=C(N2C1=NC(=N2)C3=CC=CO3)NC(=O)NC4=CC=CC=C4,-2.8633228601204563,CNC(=O)c1cnc(NC(=O)Nc2ccccc2)n2nc(-c3ccco3)nc12
C1CN(C1)C(=O)C2C(C(C(S2)N3C=NC4=C3N=C(N=C4NCC5=CC(=CC=C5)I)Cl)O)O,-1.6374897295125106,O=C(C1SC(n2cnc3c(NCc4cccc(I)c4)nc(Cl)nc32)C(O)C1O)N1CCC1
CC1=CC=C(C=C1)NC(=O)NC2=NC(=NC3=NC(=NN32)C4=CC=CO4)SC,-3.342422680822206,CSc1nc(NC(=O)Nc2ccc(C)cc2)n2nc(-c3ccco3)nc2n1
C1=CC=C(C=C1)CCCN2C=C3C(=N2)N=C(N4C3=NC(=N4)C5=CC=CO5)NC(=O)COC6=CC=C(C=C6)Cl,-2.6020599913279625,O=C(COc1ccc(Cl)cc1)Nc1nc2nn(CCCc3ccccc3)cc2c2nc(-c3ccco3)nn12
COC1=CC=C(C=C1)N2C(=O)N3C4=CC=CC=C4N=C(C3=N2)N(C(=O)C5=CC=CC=C5)C(=O)C6=CC=CC=C6,-0.5171958979499743,COc1ccc(-n2nc3c(N(C(=O)c4ccccc4)C(=O)c4ccccc4)nc4ccccc4n3c2=O)cc1
CCNC1=NC(=NC2=C1N=CN2C3C(C(C(O3)C(=O)NCC)O)O)C#CC(C4=CC(=CC=C4)OC)O,-0.06818586174616162,CCNC(=O)C1OC(n2cnc3c(NCC)nc(C#CC(O)c4cccc(OC)c4)nc32)C(O)C1O
C1=CC=C(C=C1)CCN2C=C3C(=N2)N=C(N4C3=NC(=N4)C5=CC=CO5)NC(=O)CC6=CC=C(C=C6)C7=CC=CC=C7,-2.096910013008056,O=C(Cc1ccc(-c2ccccc2)cc1)Nc1nc2nn(CCc3ccccc3)cc2c2nc(-c3ccco3)nn12
CNC(=O)C12CC1C(C(C2O)O)N3C=NC4=C3N=C(N=C4NCC5=CC=C(C=C5)N)Cl,-1.146128035678238,CNC(=O)C12CC1C(n1cnc3c(NCc4ccc(N)cc4)nc(Cl)nc31)C(O)C2O
C1=CC=C(C=C1)C2=NN(N=N2)CC3=NC(=NC(=N3)NC4=CC=CC=C4)N,-1.6020599913279625,Nc1nc(Cn2nnc(-c3ccccc3)n2)nc(Nc2ccccc2)n1
C1CCC(C1)C2=NC3=C(N2)C(=NC4=CC=CC=C43)NC5=CC=C(C=C5)Cl,-3.206825876031849,Clc1ccc(Nc2nc3ccccc3c3nc(C4CCCC4)[nH]c23)cc1
C1=CC=C(C=C1)C2=C(SC(=N2)NC(=O)C3=CC=CO3)C4=CC=NC=C4,-0.9712758487381052,O=C(Nc1nc(-c2ccccc2)c(-c2ccncc2)s1)c1ccco1
CCCN1C(=O)C2=C(NC1=O)N=C(N2)C3=CC=C(C=C3)S(=O)(=O)N4CCN(CC4)CC5=CC=C(C=C5)F,-2.8796692056320534,CCCn1c(=O)[nH]c2nc(-c3ccc(S(=O)(=O)N4CCN(Cc5ccc(F)cc5)CC4)cc3)[nH]c2c1=O
CCCN1C2=C(C(=O)N(C1=O)CCC)NC(=N2)C3=CC=C(C=C3)C=CC(=O)NC4=CC=CC=C4C(=O)C,-2.08278537031645,CCCn1c(=O)c2[nH]c(-c3ccc(C=CC(=O)Nc4ccccc4C(C)=O)cc3)nc2n(CCC)c1=O
C1=CC(=CC(=C1)Cl)CNC(=O)C2C(C(C(O2)N3C=NC4=C3N=C(N=C4NCC5=CC(=CC=C5)I)Cl)O)O,-2.490000641890952,O=C(NCc1cccc(Cl)c1)C1OC(n2cnc3c(NCc4cccc(I)c4)nc(Cl)nc32)C(O)C1O
CCCN1C(=O)C2=C(NC1=O)N=C(N2)C3=CC=C(C=C3)C=CC(=O)O,-3.0852905782300653,CCCn1c(=O)[nH]c2nc(-c3ccc(C=CC(=O)O)cc3)[nH]c2c1=O
C1CCC(C1)NC2=NC=NC3=C2N=CN3C4C(C(C(O4)CO)N)O,0.4377071355435253,NC1C(CO)OC(n2cnc3c(NC4CCCC4)ncnc32)C1O
C1=CC=C(C=C1)C2=NC3=CN(N=C3C(=N2)NC(=O)C4=CC=CS4)C5=CC=CC=C5,-0.7697464671794535,O=C(Nc1nc(-c2ccccc2)nc2cn(-c3ccccc3)nc12)c1cccs1
C1=CSC=C1CCOC2=NC3=C(C(=N2)N)N=CN3C4C(C(C(O4)CO)O)O,-2.004321373782642,Nc1nc(OCCc2ccsc2)nc2c1ncn2C1OC(CO)C(O)C1O
C1C2C1C(C(C2N3C=NC4=C3N=C(N=C4NCC5=CC(=CC=C5)Cl)C#CC6=CC=CC=C6)O)O,-1.5910646070264989,OC1C(O)C(n2cnc3c(NCc4cccc(Cl)c4)nc(C#Cc4ccccc4)nc32)C2CC12
CN1C=C2C(=N1)N=C(N3C2=NC(=N3)C4=CC=CO4)NCCOC,-2.3909351071033798,COCCNc1nc2nn(C)cc2c2nc(-c3ccco3)nn12
CCCN1C2=C(C(=O)N(C1=O)CCC)NC(=C2)C3=CC=C(C=C3)COC(=O)NC4=CC=C(C=C4)F,-1.8512583487190752,CCCn1c(=O)c2[nH]c(-c3ccc(COC(=O)Nc4ccc(F)cc4)cc3)cc2n(CCC)c1=O
C1=CC=C(C=C1)C2=C(SC(=N2)NC(=O)C3=CC=CO3)C(=O)C4=CC=C(C=C4)Cl,-2.791690649020118,O=C(Nc1nc(-c2ccccc2)c(C(=O)c2ccc(Cl)cc2)s1)c1ccco1
CCCN1C(=O)C2=C(N=C(N2)C3=CN(N=C3)CC4=CC(=CC=C4)C(F)(F)F)N(C1=O)CC,-3.0293837776852097,CCCn1c(=O)c2[nH]c(-c3cnn(Cc4cccc(C(F)(F)F)c4)c3)nc2n(CC)c1=O
CN1C=C2C(=N1)C3=NC(=NN3C(=N2)N)C4=CC=CO4,-2.096910013008056,Cn1cc2nc(N)n3nc(-c4ccco4)nc3c2n1
CCN1N=C(N=N1)C2C(C(C(O2)N3C=NC4=C3N=C(N=C4N)NC(CC5=CC=C(C=C5)Br)CO)O)O,-1.919078092376074,CCn1nnc(C2OC(n3cnc4c(N)nc(NC(CO)Cc5ccc(Br)cc5)nc43)C(O)C2O)n1
C1=CC=C2C(=C1)C=CN=C2C3=CN(N=C3)C4=NC5=C(C(=N4)NCC6=CC(=CC=C6)I)N=CN5C7C(C(C(O7)CO)O)O,-2.0374264979406242,OCC1OC(n2cnc3c(NCc4cccc(I)c4)nc(-n4cc(-c5nccc6ccccc56)cn4)nc32)C(O)C1O
CCCCN1C=C2C(=N1)N=C(N3C2=NC(=N3)C4=CC=CO4)NC(=O)NC5=CC=CC=C5Cl,0.06550154875643227,CCCCn1cc2c(nc(NC(=O)Nc3ccccc3Cl)n3nc(-c4ccco4)nc23)n1
COCCNC1=NC2=CC=CC=C2N3C1=NC(=N3)C4=CC=CO4,-2.640004146531061,COCCNc1nc2ccccc2n2nc(-c3ccco3)nc12
CCN1N=C(N=N1)C2C(C(C(O2)N3C=NC4=C3N=C(N=C4NC5CC5)Cl)O)O,-0.5910646070264992,CCn1nnc(C2OC(n3cnc4c(NC5CC5)nc(Cl)nc43)C(O)C2O)n1
C1CC1C(=O)NC2=CN=C(C(=N2)C3=CC=CO3)C4=CC=NC=C4,-2.599883072073688,O=C(Nc1cnc(-c2ccncc2)c(-c2ccco2)n1)C1CC1
CN(C)C(=O)C1C(C(C(S1)N2C=NC3=C2N=C(N=C3NCCOC)Cl)O)O,-2.628388930050312,COCCNc1nc(Cl)nc2c1ncn2C1SC(C(=O)N(C)C)C(O)C1O
CONC1=NC(=NC2=C1N=CN2C3C(C(C(O3)CO)O)O)C#CC4=CC=CC=N4,-0.3617278360175928,CONc1nc(C#Cc2ccccn2)nc2c1ncn2C1OC(CO)C(O)C1O
C1=CC=C(C=C1)CCC(=O)NC2=NNC(=N2)C3=CC=CC=C3,-3.9190780923760737,O=C(CCc1ccccc1)Nc1n[nH]c(-c2ccccc2)n1
CC1=NC2=CN(N=C2C(=N1)NC(=O)C3=CC=CO3)C4=CC=CC=C4,-1.3010299956639813,Cc1nc(NC(=O)c2ccco2)c2nn(-c3ccccc3)cc2n1
CCNC(=O)C1C(C(C(O1)N2C=NC3=C2N=CN=C3NC(=O)NC4=CC=C(C=C4)S(=O)(=O)N(CC=C)CC=C)O)O,-1.0,C=CCN(CC=C)S(=O)(=O)c1ccc(NC(=O)Nc2ncnc3c2ncn3C2OC(C(=O)NCC)C(O)C2O)cc1
C1=CC=C(C=C1)C(=O)NC(=O)NC2=NC3=CC=CC=C3N4C2=NN(C4=O)C5=CC=CC=C5,-3.113943352306837,O=C(NC(=O)c1ccccc1)Nc1nc2ccccc2n2c(=O)n(-c3ccccc3)nc12
CCCCN1C(=O)C2=C(NC1=O)N=C(N2)C3=CC=C(C=C3)OCC(=O)NC4=CC=C(C=C4)C(=O)OC,-2.829946695941636,CCCCn1c(=O)[nH]c2nc(-c3ccc(OCC(=O)Nc4ccc(C(=O)OC)cc4)cc3)[nH]c2c1=O
C1=CC=C(C=C1)N2C=C3C4=CC=CC=C4N=C(C3=N2)NC(=O)C5=NC=CN=C5,-1.8129133566428557,O=C(Nc1nc2ccccc2c2cn(-c3ccccc3)nc12)c1cnccn1
CCOC(=O)C1=CN=C(N2C1=NC(=N2)C3=CC=CO3)NCCOC,-2.0211892990699383,CCOC(=O)c1cnc(NCCOC)n2nc(-c3ccco3)nc12
CNC(=O)C12CC1C(C(C2O)O)N3C=NC4=C3N=C(N=C4NCC5=CC(=CC=C5)Cl)C#CCCC(=O)NCCNC(=O)CCCCCNC(=O)CCCCC6C7C(CS6)NC(=O)N7,-1.7611758131557314,CNC(=O)C12CC1C(n1cnc3c(NCc4cccc(Cl)c4)nc(C#CCCC(=O)NCCNC(=O)CCCCCNC(=O)CCCCC4SCC5NC(=O)NC54)nc31)C(O)C2O
CC(=O)NC1=NC2=C(C=CC=N2)N3C1=NN(C3=O)C4=CC=C(C=C4)OC,-1.6127838567197357,COc1ccc(-n2nc3c(NC(C)=O)nc4ncccc4n3c2=O)cc1
CCCN1C=C2C(=N1)N=C(N3C2=NC(=N3)C4=CC=CO4)NC(=O)NC5=CC(=CC=C5)OC,0.3979400086720376,CCCn1cc2c(nc(NC(=O)Nc3cccc(OC)c3)n3nc(-c4ccco4)nc23)n1
CCNC(=O)C1C(C(C(O1)N2C=NC3=C2N=C(N=C3NC)N4C=CN=N4)O)O,-0.3222192947339193,CCNC(=O)C1OC(n2cnc3c(NC)nc(-n4ccnn4)nc32)C(O)C1O
CC(=O)NC1=NC(=NC(=C1)C2=CC=C(C=C2)OC)C3=CC=C(C=C3)OC,-0.5563025007672873,COc1ccc(-c2cc(NC(C)=O)nc(-c3ccc(OC)cc3)n2)cc1
CNC(=O)C12CC1C(C(C2O)O)N3C=NC4=C3N=C(N=C4NC5CCCC5)Cl,-0.568201724066995,CNC(=O)C12CC1C(n1cnc3c(NC4CCCC4)nc(Cl)nc31)C(O)C2O
CNC(=O)C12CC1C(C(C2O)O)N3C=NC4=C3N=C(N=C4NCC5=CC(=CC=C5)Cl)C#CCCCCC#C,-1.4683473304121573,C#CCCCCC#Cc1nc(NCc2cccc(Cl)c2)c2ncn(C3C(O)C(O)C4(C(=O)NC)CC34)c2n1
CNC(=O)C12CC1C(C(C2O)O)N3C=NC4=C3N=C(N=C4NCC5=CC(=CC=C5)Br)Cl,0.4202164033831898,CNC(=O)C12CC1C(n1cnc3c(NCc4cccc(Br)c4)nc(Cl)nc31)C(O)C2O
CN1C=C2C(=N1)N=C(N3C2=NC(=N3)C4=CC=CO4)NCC5CCCCC5,-1.6748611407378116,Cn1cc2c(nc(NCC3CCCCC3)n3nc(-c4ccco4)nc23)n1
CCOC(=O)C1=C2C3=CC=CC=C3NC(=O)N2N=C1C(=O)OCC,-2.004321373782642,CCOC(=O)c1nn2c(=O)[nH]c3ccccc3c2c1C(=O)OCC
CN1C2=CC=CC=C2N3C(=NN(C3=O)C4=CC=C(C=C4)Cl)C1=O,-2.1367205671564067,Cn1c(=O)c2nn(-c3ccc(Cl)cc3)c(=O)n2c2ccccc21
C1=CC(=C(C=C1C=NNC2=NC3=C(C(=N2)N)N=CN3C4C(C(C(O4)CO)O)O)Cl)Cl,-1.948412965778601,Nc1nc(NN=Cc2ccc(Cl)c(Cl)c2)nc2c1ncn2C1OC(CO)C(O)C1O
CNC1=NC=NC2=C1N=CN2C3C(C(C(S3)C(=O)NCC4=CC(=CC=C4)I)O)O,-1.1931245983544616,CNc1ncnc2c1ncn2C1SC(C(=O)NCc2cccc(I)c2)C(O)C1O
CCC(CO)NC1=NC(=NC2=C1C(=C(N2C(C)C3=CC=CC=C3)C)C)C4=CC=C(C=C4)Cl,-2.7558748556724915,CCC(CO)Nc1nc(-c2ccc(Cl)cc2)nc2c1c(C)c(C)n2C(C)c1ccccc1
CN1C2=C(C(=O)N(C1=O)C)NC(=N2)C3=CC=C(C=C3)OCCN4CCCC4,-0.6627578316815741,Cn1c(=O)c2[nH]c(-c3ccc(OCCN4CCCC4)cc3)nc2n(C)c1=O
CN1C=C2C(=N1)N=C(N3C2=NC(=N3)C4=CC=CO4)N(C)C5CCCCC5,-1.5145477526602862,CN(c1nc2nn(C)cc2c2nc(-c3ccco3)nn12)C1CCCCC1
C1=CC=C2C(=C1)N=C(C3=NN(C(=O)N23)C4=CC=C(C=C4)O)N,-1.8639173769578603,Nc1nc2ccccc2n2c(=O)n(-c3ccc(O)cc3)nc12
CCCN1C(=O)C2=C(N=C(N2)C3=CC=CC=C3)N(C1=O)CCS(=O)CC,-2.3899984226073334,CCCn1c(=O)c2[nH]c(-c3ccccc3)nc2n(CCS(=O)CC)c1=O
CCCN1C2=C(C(=O)N(C1=O)CCC)NC(=N2)C3=CC(N(C3(C)C)[O])(C)C,-4.0,CCCn1c(=O)c2[nH]c(C3=CC(C)(C)N([O])C3(C)C)nc2n(CCC)c1=O
C1=CC(=C(C(=C1)I)Cl)CNC(=O)CC2C(C(C(O2)N3C=NC4=C3N=CN=C4N)O)O,-0.8573324964312685,Nc1ncnc2c1ncn2C1OC(CC(=O)NCc2cccc(I)c2Cl)C(O)C1O
C1=CC=C(C=C1)C2=NC(=NN2)NC(=O)C3=CC=C(C=C3)Cl,-2.3010299956639813,O=C(Nc1n[nH]c(-c2ccccc2)n1)c1ccc(Cl)cc1
CCNC(=O)C1C(C(C(O1)N2C=NC3=C2N=C(N=C3N)C#CC4=CC=CC=C4)O)O,-0.7923916894982539,CCNC(=O)C1OC(n2cnc3c(N)nc(C#Cc4ccccc4)nc32)C(O)C1O
CC(=O)NC1=CC=C(C=C1)CN2C3=NC(=NC(=C3N=N2)C4=CC=CO4)N,-3.376576957056512,CC(=O)Nc1ccc(Cn2nnc3c(-c4ccco4)nc(N)nc32)cc1
CNC1=NC(=NC2=C1N=CN2C3C4CC4(C(C3O)O)C(=O)NC)C#CC5=CC=C(S5)Cl,0.1549019599857432,CNC(=O)C12CC1C(n1cnc3c(NC)nc(C#Cc4ccc(Cl)s4)nc31)C(O)C2O
CN1C=C2C(=N1)N=C(N3C2=NC(=N3)C4=CC=CO4)NC(=O)CC5=CC=CC6=CC=CC=C65,-0.5403294747908738,Cn1cc2c(nc(NC(=O)Cc3cccc4ccccc34)n3nc(-c4ccco4)nc23)n1
C1CC(C1)NC(=O)C2C(C(C(O2)N3C=NC4=C3N=C(N=C4NCC5=CC(=CC=C5)I)Cl)O)O,-1.260071387985075,O=C(NC1CCC1)C1OC(n2cnc3c(NCc4cccc(I)c4)nc(Cl)nc32)C(O)C1O
CC1=CC=CC=C1CNC2=NC(=NC3=C2N=CN3C4C(C(C(S4)C(=O)N(C)C)O)O)Cl,-2.8007170782823847,Cc1ccccc1CNc1nc(Cl)nc2c1ncn2C1SC(C(=O)N(C)C)C(O)C1O
COC(=O)C1=CC(=CC=C1)CN2C3=NC(=NC(=C3N=N2)C4=CC=CO4)N,-3.069668096911596,COC(=O)c1cccc(Cn2nnc3c(-c4ccco4)nc(N)nc32)c1
C1=CC=C(C=C1)CCN2C=C3C(=N2)N=C(N4C3=NC(=N4)C5=CC=CO5)NC(=O)CC6=CC=CS6,-2.5185139398778875,O=C(Cc1cccs1)Nc1nc2nn(CCc3ccccc3)cc2c2nc(-c3ccco3)nn12
C1=CN=CC2=C1C3=C(C(=C(C=C3N2)Br)O)Br,-3.3117538610557538,Oc1c(Br)cc2[nH]c3cnccc3c2c1Br
CNC1=NC(=NC2=C1N=CN2C3C(C(C(O3)C(=O)N(C)C)O)O)Cl,-3.1799996417791614,CNc1nc(Cl)nc2c1ncn2C1OC(C(=O)N(C)C)C(O)C1O
CCCN1C2=C(C(=O)N(C1=O)CCC)NC(=N2)C3=CN(N=C3)CC4=NC(=NO4)C5=CC=CC=C5C(F)(F)F,-2.531478917042255,CCCn1c(=O)c2[nH]c(-c3cnn(Cc4nc(-c5ccccc5C(F)(F)F)no4)c3)nc2n(CCC)c1=O
CCNC(=O)C1C(C(C(O1)N2C=NC3=C2N=CN=C3NCCNC4=CC=C(C5=NON=C45)[N+](=O)[O-])O)O,-1.7466341989375789,CCNC(=O)C1OC(n2cnc3c(NCCNc4ccc([N+](=O)[O-])c5nonc45)ncnc32)C(O)C1O
CCCCCC1=CC=C(C=C1)C#CC2=NC3=C(C(=N2)NOC)N=CN3C4C(C(C(O4)C(=O)NCC)O)O,-1.8325089127062364,CCCCCc1ccc(C#Cc2nc(NOC)c3ncn(C4OC(C(=O)NCC)C(O)C4O)c3n2)cc1
CN1C=C2C(=N1)N=C(N3C2=NC(=N3)C4=CC=CO4)NC(=O)NC5CCN(CC5)CC6=CC=C(C=C6)Cl,-1.414973347970818,Cn1cc2c(nc(NC(=O)NC3CCN(Cc4ccc(Cl)cc4)CC3)n3nc(-c4ccco4)nc23)n1
CCNC(=O)C1C(C(C(O1)N2C=NC3=C2N=C(N=C3NOC)C#CC4=CC=C(C=C4)C)O)O,-0.8325089127062363,CCNC(=O)C1OC(n2cnc3c(NOC)nc(C#Cc4ccc(C)cc4)nc32)C(O)C1O
CCCCN1C=C2C(=N1)N=C(N3C2=NC(=N3)C4=CC=CO4)NC(=O)NC5=CC=C(C=C5)C(F)(F)F,0.14266750356873156,CCCCn1cc2c(nc(NC(=O)Nc3ccc(C(F)(F)F)cc3)n3nc(-c4ccco4)nc23)n1
CCC(=O)NC1=NC2=CC=CC=C2N3C1=NN(C3=O)C4=CC=CC=C4,-1.1986570869544226,CCC(=O)Nc1nc2ccccc2n2c(=O)n(-c3ccccc3)nc12
CCNC(=O)C1C(C(C(O1)N2C=NC3=C2N=C(N=C3N)NCCN4CCN(CC4)C5=CC=CC=C5F)O)O,-3.2718416065364986,CCNC(=O)C1OC(n2cnc3c(N)nc(NCCN4CCN(c5ccccc5F)CC4)nc32)C(O)C1O
C1=CC=C(C=C1)C2=NSC(=N2)NC(=O)C3=CC=C(C=C3)I,-3.0413926851582254,O=C(Nc1nc(-c2ccccc2)ns1)c1ccc(I)cc1
CNC(=O)C12CC1C(C(C2O)O)N3C=NC4=C3N=C(N=C4NCC5=CC(=CC=C5)Cl)C#CCCCC(=O)NCCN,-0.3394514413064407,CNC(=O)C12CC1C(n1cnc3c(NCc4cccc(Cl)c4)nc(C#CCCCC(=O)NCCN)nc31)C(O)C2O
CCOC(=O)NC1=NC(=C(S1)C(=O)C2=CC=C(C=C2)Cl)C3=CC=CC=C3,-2.6875289612146345,CCOC(=O)Nc1nc(-c2ccccc2)c(C(=O)c2ccc(Cl)cc2)s1
CCOC(=O)C1C(C(=C(N=C1C)C2=CC=CC=C2)C(=O)OCC3=CC=CC=C3C)C#CC4=CC=CC=C4,-2.0492180226701806,CCOC(=O)C1C(C)=NC(c2ccccc2)=C(C(=O)OCc2ccccc2C)C1C#Cc1ccccc1
CCNC(=O)C1=CN(N=C1)C2=NC3=C(C(=N2)NC4CCCC4)N=CN3C5C(C(C(O5)CO)O)O,-1.3010299956639813,CCNC(=O)c1cnn(-c2nc(NC3CCCC3)c3ncn(C4OC(CO)C(O)C4O)c3n2)c1
CCN1N=C(N=N1)C2C(C(C(O2)N3C=NC4=C3N=C(N=C4N)NC(C)CC5=CC(=CC=C5)OC)O)O,-1.8750612633917,CCn1nnc(C2OC(n3cnc4c(N)nc(NC(C)Cc5cccc(OC)c5)nc43)C(O)C2O)n1
CN1C2=C(C(=O)N(C1=O)C)NC(=N2)C3=CC=C(C=C3)OCCCN4CCN(CC4)CC5=CC=CC=C5Cl,-0.8382192219076258,Cn1c(=O)c2[nH]c(-c3ccc(OCCCN4CCN(Cc5ccccc5Cl)CC4)cc3)nc2n(C)c1=O
C#CCCCCC(=O)NCCNC(=O)COC1=CC=C(C=C1)CCCN2C3=C(C=N2)C4=NC(=NN4C(=N3)N)C5=CC=CO5,-3.1072099696478683,C#CCCCCC(=O)NCCNC(=O)COc1ccc(CCCn2ncc3c2nc(N)n2nc(-c4ccco4)nc32)cc1
C1=CC=C2C(=C1)NC(=O)C3=NC(=NN23)C4=CC=CO4,-1.5185139398778875,O=c1[nH]c2ccccc2n2nc(-c3ccco3)nc12
CCOC(=O)C1=CN=C(N2C1=NC(=N2)C3=CC=CO3)NC4CCCCCC4,-2.5065050324048723,CCOC(=O)c1cnc(NC2CCCCCC2)n2nc(-c3ccco3)nc12
C1C2C1C(C(C2N3C=NC4=C3N=C(N=C4NCC5=CC(=CC=C5)I)F)O)O,-1.0293837776852095,OC1C(O)C(n2cnc3c(NCc4cccc(I)c4)nc(F)nc32)C2CC12
C1=CC=C(C(=C1)CNC(=O)C2=NC(=NC(=C2)C3=CC=CO3)N)Cl,-2.617000341120899,Nc1nc(C(=O)NCc2ccccc2Cl)cc(-c2ccco2)n1
C1=COC(=C1)C2=C3C(=NC(=N2)N)N(N=N3)CC4=C(C=CC(=C4)F)F,-2.6532125137753435,Nc1nc(-c2ccco2)c2nnn(Cc3cc(F)ccc3F)c2n1
CCN1C=C2C(=N1)N=C(N3C2=NC(=N3)C4=CC=CO4)NC(=O)NC5=CC=CC=C5,0.7447274948966941,CCn1cc2c(nc(NC(=O)Nc3ccccc3)n3nc(-c4ccco4)nc23)n1
C1=COC(=C1)C2=C3C(=NC(=N2)N)N(N=N3)CC4=CC=C(C=C4)N,-2.876217840591642,Nc1ccc(Cn2nnc3c(-c4ccco4)nc(N)nc32)cc1
CNC1=NC(=NC2=C1N=CN2C3C4CC4C(C3O)O)C#CC5=CC=CC=C5,-0.7387805584843692,CNc1nc(C#Cc2ccccc2)nc2c1ncn2C1C(O)C(O)C2CC21
C1CC2CC1CC2NC3=NC(=NC4=C3N=CN4C56CC5C(C(C6)O)O)Cl,-2.440121603187804,OC1CC2(n3cnc4c(NC5CC6CCC5C6)nc(Cl)nc43)CC2C1O
CC(=O)NC1=NC(=NC(=C1)C2=CC=C(C=C2)OC(F)(F)F)C3=CC=C(C=C3)OC(F)(F)F,-2.589949601325708,CC(=O)Nc1cc(-c2ccc(OC(F)(F)F)cc2)nc(-c2ccc(OC(F)(F)F)cc2)n1
C1CC1C(CNC2=NC(=NC3=C2N=CN3C4C5CC5C(C4O)O)Cl)C6CC6,-2.8260748027008264,OC1C(O)C(n2cnc3c(NCC(C4CC4)C4CC4)nc(Cl)nc32)C2CC12
C1=CC=C(C=C1)NC(=O)NC2=NN(C(=O)C3=CC=CC=C32)C4=CC=CC=C4,-2.2513948500401044,O=C(Nc1ccccc1)Nc1nn(-c2ccccc2)c(=O)c2ccccc12
CN(C)C(=O)C1C(C(C(S1)N2C=NC3=C2N=C(N=C3NCC4=CC(=CC=C4)Cl)Cl)O)O,-1.3283796034387378,CN(C)C(=O)C1SC(n2cnc3c(NCc4cccc(Cl)c4)nc(Cl)nc32)C(O)C1O
CC1=CC=CC=C1CNC2=NC(=NC3=C2N=CN3C4C(C(C(S4)C(=O)NCC5CC5)O)O)Cl,-1.4727564493172125,Cc1ccccc1CNc1nc(Cl)nc2c1ncn2C1SC(C(=O)NCC2CC2)C(O)C1O
CCCCNS(=O)(=O)C1=CC=C(C=C1)C2=NC3=C(N2)C(=O)N(C(=O)N3C)C,-4.0,CCCCNS(=O)(=O)c1ccc(-c2nc3c([nH]2)c(=O)n(C)c(=O)n3C)cc1
CCCCN1C=C2C(=N1)N=C(N3C2=NC(=N3)C4=CC=CO4)NC(=O)CC5=CC6=CC=CC=C6C=C5,-2.2405492482825995,CCCCn1cc2c(nc(NC(=O)Cc3ccc4ccccc4c3)n3nc(-c4ccco4)nc23)n1
CCNC1=NC(=NC2=C1N=CN2C3C(C(C(O3)C(=O)NCC)O)O)C#CC(C4CCCC4)O,-0.2648178230095365,CCNC(=O)C1OC(n2cnc3c(NCC)nc(C#CC(O)C4CCCC4)nc32)C(O)C1O
CNC1=NC(=NC2=C1N=CN2C3C(C(C(O3)C(=O)NC4CC4)O)O)Cl,-0.4499409887733377,CNc1nc(Cl)nc2c1ncn2C1OC(C(=O)NC2CC2)C(O)C1O
CCNC(=O)C1C(C(C(O1)N2C=NC3=C2N=CN=C3NC4=CC=C(C=C4)OCC(=O)NC5=CC=NC=C5)O)O,-1.6263403673750425,CCNC(=O)C1OC(n2cnc3c(Nc4ccc(OCC(=O)Nc5ccncc5)cc4)ncnc32)C(O)C1O
CCCN1C2=C(C(=O)N(C1=O)CCC)NC(=N2)C3=CN(N=C3)CC4=NC(=NO4)C5=CC=C(C=C5)C#N,-2.977723605288848,CCCn1c(=O)c2[nH]c(-c3cnn(Cc4nc(-c5ccc(C#N)cc5)no4)c3)nc2n(CCC)c1=O
CN1C2=C(C(=NC=N2)NC(=O)CC3=CC=C(C=C3)OCC4=CC=CC=C4)N=C1C5=CC=CO5,-3.7187507347396647,Cn1c(-c2ccco2)nc2c(NC(=O)Cc3ccc(OCc4ccccc4)cc3)ncnc21
C1CCC(CC1)NC2=NC3=CC=CC=C3N4C2=NN(C4=O)C5=CC=CC=C5,-2.7041505168397992,O=c1n(-c2ccccc2)nc2c(NC3CCCCC3)nc3ccccc3n12
C1=CC=C(C=C1)C=CCC(=O)NC2=NC3=CC=CC=C3C(=O)S2,-2.198657086954422,O=C(CC=Cc1ccccc1)Nc1nc2ccccc2c(=O)s1
CNC1=NC(=NC2=C1N=CN2C3C(C(C(O3)CO)O)O)N4C=C(C=N4)C5=CC=C(C=C5)OC,-1.1760912590556811,CNc1nc(-n2cc(-c3ccc(OC)cc3)cn2)nc2c1ncn2C1OC(CO)C(O)C1O
CC1(C2=C(C=C(C=C2)C(=O)NCCC3=CC=C(C=C3)NC4=NC=NC5=C4N=CN5C6C(C(C(O6)C(=O)NC)O)O)C(N1O)(C)C)C,-1.3979400086720375,CNC(=O)C1OC(n2cnc3c(Nc4ccc(CCNC(=O)c5ccc6c(c5)C(C)(C)N(O)C6(C)C)cc4)ncnc32)C(O)C1O
CC(C)CCNC(=O)C1C(C(C(O1)N2C=NC3=C2N=C(N=C3NC)Cl)O)O,-0.2095150145426309,CNc1nc(Cl)nc2c1ncn2C1OC(C(=O)NCCC(C)C)C(O)C1O
CCCSC1=NC(=CC(=N1)OC)NC(=O)C,-2.220108088040055,CCCSc1nc(NC(C)=O)cc(OC)n1
COC1=CC=C(C=C1)CC(=O)NC2=NC3=C(C=C(C=C3)Cl)C4=NC(=NN42)C5=CC=CO5,-1.1583624920952498,COc1ccc(CC(=O)Nc2nc3ccc(Cl)cc3c3nc(-c4ccco4)nn23)cc1
CNC1=NC(=NC2=C1N=CN2C3C(C(C(O3)CO)O)O)N4C=C(N=N4)C5=CC=CC=N5,-1.0128372247051722,CNc1nc(-n2cc(-c3ccccn3)nn2)nc2c1ncn2C1OC(CO)C(O)C1O
CCN1N=C(N=N1)C2C(C(C(O2)N3C=NC4=C3N=C(N=C4N)NC(C)CC5=CC=C(C=C5)F)O)O,-1.6085260335771945,CCn1nnc(C2OC(n3cnc4c(N)nc(NC(C)Cc5ccc(F)cc5)nc43)C(O)C2O)n1
C1CC1NC2=NC(=NC3=C2N=CN3C4C(C(C(S4)C(=O)N5CCC(CC5)CC6=CC=CC=C6)O)O)Cl,-3.60422605308447,O=C(C1SC(n2cnc3c(NC4CC4)nc(Cl)nc32)C(O)C1O)N1CCC(Cc2ccccc2)CC1
CCNC(=O)C1C(C(C(O1)N2C=NC3=C2N=C(N=C3N)N4CCN(CC4)C5=CC=C(C=C5)OCC6=CC=NC=C6)O)O,-2.3944516808262164,CCNC(=O)C1OC(n2cnc3c(N)nc(N4CCN(c5ccc(OCc6ccncc6)cc5)CC4)nc32)C(O)C1O
C1=CC=C(C=C1)CCN2C=C3C(=N2)N=C(N=C3Cl)NC(=O)C4=CC=CC=C4,-3.934498451243568,O=C(Nc1nc(Cl)c2cn(CCc3ccccc3)nc2n1)c1ccccc1
C1CC1NC2=NC(=NC3=C2N=CN3C4C(C(C(S4)C(=O)N5CCOCC5)O)O)Cl,-3.64738297011462,O=C(C1SC(n2cnc3c(NC4CC4)nc(Cl)nc32)C(O)C1O)N1CCOCC1
C1CCCC(CC1)NC2=NC(=NC3=C2N=CN3C45CC4C(C(C5)O)O)Cl,-2.7481880270062,OC1CC2(n3cnc4c(NC5CCCCCC5)nc(Cl)nc43)CC2C1O
CN1C=C2C(=N1)N=C(N3C2=NC(=N3)C4=CC=CO4)NCCOOCCCCNC(=S)NC5=CC(=C(C=C5)C6=C7C=CC(=O)C=C7OC8=C6C=CC(=C8)O)C(=O)O,-3.972665592266112,Cn1cc2c(nc(NCCOOCCCCNC(=S)Nc3ccc(-c4c5ccc(=O)cc-5oc5cc(O)ccc45)c(C(=O)O)c3)n3nc(-c4ccco4)nc23)n1
CCC1=C(C(=[N+](C(=C1C(=O)SCC)CC)CC)C2=CC=CC=C2)C(=O)OCC,-2.7611758131557322,CCOC(=O)c1c(CC)c(C(=O)SCC)c(CC)[n+](CC)c1-c1ccccc1
C1=CC(=CC(=C1)I)CC(=O)NC2=NC3=C(C=C(C=C3)Cl)C4=NC(=NN42)C5=CC=CO5,-2.94546858513182,O=C(Cc1cccc(I)c1)Nc1nc2ccc(Cl)cc2c2nc(-c3ccco3)nn12
CN1C=C2C(=N1)N=C(N3C2=NC(=N3)C4=CC=CO4)NC(=O)CCC#C,-1.041392685158225,C#CCCC(=O)Nc1nc2nn(C)cc2c2nc(-c3ccco3)nn12
CCCCC#CC1=NC2=C(C(=N1)N)N=CN2C3C(C(C(O3)C(=O)NCC)O)O,-2.869231719730976,CCCCC#Cc1nc(N)c2ncn(C3OC(C(=O)NCC)C(O)C3O)c2n1
C1=CC=C(C=C1)C2=NN3C4=C(C=CC(=C4)Cl)N=C(C3=N2)N,-1.9609461957338317,Nc1nc2ccc(Cl)cc2n2nc(-c3ccccc3)nc12
CC1=CC(=C(C=C1)C2=C(C(=O)C3=C(O2)C=CC(=C3)Cl)Cl)OC(C)C,-2.7481880270062,Cc1ccc(-c2oc3ccc(Cl)cc3c(=O)c2Cl)c(OC(C)C)c1
CC(C)C=CC1=C(C=C2C(=C1O)C(=O)C(=C(O2)C3=C(C=C(C=C3)O)O)CC=C(C)C)OC,-3.6618126855372615,COc1cc2oc(-c3ccc(O)cc3O)c(CC=C(C)C)c(=O)c2c(O)c1C=CC(C)C
C1=CC=C(C=C1)C(=O)NC2=NC3=CC=CC=C3N4C2=NN(C4=O)C5=CC=CC=C5,-0.16731733474817606,O=C(Nc1nc2ccccc2n2c(=O)n(-c3ccccc3)nc12)c1ccccc1
CCCN1C(=O)C2=C(N=C3N2CC(=C3)C)N(C1=O)CC4=CC=CC=C4,-0.9030899869919436,CCCn1c(=O)c2c(nc3n2CC(C)=C3)n(Cc2ccccc2)c1=O
CNC1=NC(=NC2=C1N=CN2C3C(C(C(O3)CO)O)O)N4C=C(C=N4)C5=CC=CC=N5,-0.3010299956639812,CNc1nc(-n2cc(-c3ccccn3)cn2)nc2c1ncn2C1OC(CO)C(O)C1O
C1=COC(=C1)C2=NN3C(=N2)C4=CN(N=C4N=C3N)CCC5=CC(=C(C=C5Br)Br)Br,-3.6513749439130434,Nc1nc2nn(CCc3cc(Br)c(Br)cc3Br)cc2c2nc(-c3ccco3)nn12
C1CCC(CC1)NC2=NC3=CC=CC=C3C4=CN(N=C42)C5=CC=C(C=C5)Cl,-1.7520484478194385,Clc1ccc(-n2cc3c(n2)c(NC2CCCCC2)nc2ccccc23)cc1
CC1=NC2=CN(N=C2C(=N1)NC(=O)C3=CN=CC=C3)C4=CC=CC=C4,-0.724275869600789,Cc1nc(NC(=O)c2cccnc2)c2nn(-c3ccccc3)cc2n1
CNC1=NC(=NC2=C1N=CN2C3C(C(C(O3)CO)O)O)C4=CN(N=N4)CC5=CC(=CC=C5)Cl,-1.909020854211156,CNc1nc(-c2cn(Cc3cccc(Cl)c3)nn2)nc2c1ncn2C1OC(CO)C(O)C1O
CC1=CC=C(C=C1)C2=NN3C(=NC4=CC=CC=C4N3C2=O)NC(=O)C5=CC(=CC=C5)Cl,-1.6180480967120927,Cc1ccc(-c2nn3c(NC(=O)c4cccc(Cl)c4)nc4ccccc4n3c2=O)cc1
CCCCCC(C#CC1=NC2=C(C(=N1)NCC)N=CN2C3C(C(C(O3)C(=O)NCC)O)O)O,0.1493537648169334,CCCCCC(O)C#Cc1nc(NCC)c2ncn(C3OC(C(=O)NCC)C(O)C3O)c2n1
CNC(=O)C12CC1C(C(C2O)O)N3C=NC4=C3N=C(N=C4NCC5=CC(=CC=C5)Cl)C#CCCCCC6=CN(N=N6)CC7=CC=C(C=C7)N8C(=O)C=CS8,-2.008600171761917,CNC(=O)C12CC1C(n1cnc3c(NCc4cccc(Cl)c4)nc(C#CCCCCc4cn(Cc5ccc(-n6sccc6=O)cc5)nn4)nc31)C(O)C2O
C1C2C1C(C(C2N3C=NC4=C3N=C(N=C4NCC5=CC(=CC=C5)Cl)C#CC6=CC(=C(C=C6)F)F)O)O,-2.0,OC1C(O)C(n2cnc3c(NCc4cccc(Cl)c4)nc(C#Cc4ccc(F)c(F)c4)nc32)C2CC12
CNC(=O)C12CC1C(C(C2O)O)N3C=NC4=C3N=C(N=C4NCC5=CC(=CC=C5)I)Cl,-0.17609125905568124,CNC(=O)C12CC1C(n1cnc3c(NCc4cccc(I)c4)nc(Cl)nc31)C(O)C2O
C1=CC=C2C(=C1)C(C3=CC=CC=C32)CNC4=NC=NC5=C4N=CN5C6C(C(C(O6)CO)O)O,0.040958607678906384,OCC1OC(n2cnc3c(NCC4c5ccccc5-c5ccccc54)ncnc32)C(O)C1O
C1=CC(=CC(=C1)F)CNC(=O)C2C(C(C(S2)N3C=NC4=C3N=CN=C4NCC5=CC(=CC=C5)I)O)O,-1.7860412102425542,O=C(NCc1cccc(F)c1)C1SC(n2cnc3c(NCc4cccc(I)c4)ncnc32)C(O)C1O
CNC1=NC(=NC2=C1N=CN2C3C(C(C(O3)CO)O)O)C4=CN(N=N4)CC5=CC=CC=C5,-1.7315887651867388,CNc1nc(-c2cn(Cc3ccccc3)nn2)nc2c1ncn2C1OC(CO)C(O)C1O
CCCCC1=NC2=C(C3=NC(=NN13)C4=CC=C(C=C4)OC)NC=N2,0.7447274948966941,CCCCc1nc2nc[nH]c2c2nc(-c3ccc(OC)cc3)nn12
CCCN1C2=C(C(=O)N(C1=O)CCC)N3CCCN(C3=N2)CCC4=CC=C(C=C4)OCCN(CC)CC,-2.801403710017355,CCCn1c(=O)c2c(nc3n2CCCN3CCc2ccc(OCCN(CC)CC)cc2)n(CCC)c1=O
C1CC1C(C2CC2)NC3=NC(=NC4=C3N=CN4C56CC5C(C(C6)O)O)Cl,-2.6720978579357166,OC1CC2(n3cnc4c(NC(C5CC5)C5CC5)nc(Cl)nc43)CC2C1O
CCCCN1C(=O)C2=C(N=C(N2)C34CC5CC(C3)CC4C5)N(C1=O)CCCO,-3.361727836017593,CCCCn1c(=O)c2[nH]c(C34CC5CC(CC3C5)C4)nc2n(CCCO)c1=O
CCCC1=C(C(=NC(=C1C(=O)SCC)CC)C2=CC=CC=C2)C(=O)OCC(C(F)(F)F)(F)F,-2.649334858712142,CCCc1c(C(=O)SCC)c(CC)nc(-c2ccccc2)c1C(=O)OCC(F)(F)C(F)(F)F
CC1=NC2=C(C(=O)N1)N=C(S2)CC3=CC=CC=C3,-2.6304278750250236,Cc1nc2sc(Cc3ccccc3)nc2c(=O)[nH]1
CNC(=O)C12CC1C(C(C2O)O)N3C=NC4=C3N=C(N=C4NCC5=CC(=CC=C5)Cl)C#CC6=CC=C(C=C6)C7=CC=CC=C7,-0.4885507165004442,CNC(=O)C12CC1C(n1cnc3c(NCc4cccc(Cl)c4)nc(C#Cc4ccc(-c5ccccc5)cc4)nc31)C(O)C2O
CCCNC1=CC(=NC2=C1N=CN2C3C4CC4(C(C3O)O)C(=O)NC)N5C=C(N=N5)C6=CC=C(S6)Cl,-2.041392685158225,CCCNc1cc(-n2cc(-c3ccc(Cl)s3)nn2)nc2c1ncn2C1C(O)C(O)C2(C(=O)NC)CC12
CC(C)CCN1C=C2C(=N1)N=C(N3C2=NC(=N3)C4=CC=CO4)NC(=O)NC5CCCCC5,-1.3123889493705918,CC(C)CCn1cc2c(nc(NC(=O)NC3CCCCC3)n3nc(-c4ccco4)nc23)n1
CCCCN1C2=C(C(=O)N(C1=O)CCCC)N(C=N2)C3C4CC4(C(C3O)O)C(=O)NC,-3.269512944217916,CCCCn1c(=O)c2c(ncn2C2C(O)C(O)C3(C(=O)NC)CC23)n(CCCC)c1=O
CCNC(=O)C1C(C(C(O1)N2C=NC3=C2N=CN=C3N)O)O,-1.3010299956639813,CCNC(=O)C1OC(n2cnc3c(N)ncnc32)C(O)C1O
C1CCC(CC1)NC2=NC3=NC(=NN3C(=N2)N)C4=CC=CO4,-2.568201724066995,Nc1nc(NC2CCCCC2)nc2nc(-c3ccco3)nn12
C1CSCCN1C(=O)C2C(C(C(S2)N3C=NC4=C3N=C(N=C4NCC5=CC(=CC=C5)I)Cl)O)O,-2.9380190974762104,O=C(C1SC(n2cnc3c(NCc4cccc(I)c4)nc(Cl)nc32)C(O)C1O)N1CCSCC1
COC1=CC=C(C=C1)N2C(=O)N3C4=CC=CC=C4N=C(C3=N2)OCC5=CC=CC=C5,-0.8061799739838872,COc1ccc(-n2nc3c(OCc4ccccc4)nc4ccccc4n3c2=O)cc1
CCCN1C2=C(C(=O)N(C1=O)CCC)NC(=N2)C3=CC=C(C=C3)OCC(=O)N(CC4=CC=CC=C4)CC5=CC=CC=C5,-2.453318340047037,CCCn1c(=O)c2[nH]c(-c3ccc(OCC(=O)N(Cc4ccccc4)Cc4ccccc4)cc3)nc2n(CCC)c1=O
CC(=O)NC1=NC2=CC=CC=C2N3C1=NN(C3=O)C4=CC=CC=C4,-0.3010299956639812,CC(=O)Nc1nc2ccccc2n2c(=O)n(-c3ccccc3)nc12
CCCN1C(=O)C2=C(N=C3N2C=C(N3)CC)N(C1=O)CC4=CC=CC=C4,-1.1760912590556811,CCCn1c(=O)c2c(nc3[nH]c(CC)cn32)n(Cc2ccccc2)c1=O
CC1=NN(C(=O)C2=C1C3=CC(=NN3C(=N2)C)C4=CC=CC=C4)C(C)C5=CC=CC=C5,-3.674861140737812,Cc1nn(C(C)c2ccccc2)c(=O)c2nc(C)n3nc(-c4ccccc4)cc3c12
C1CCC(C1)C(=O)NC2=NC(=NC(=C2)C3=CC4=C(C=C3)OCO4)C5=CC=CC=C5,-2.2695129442179165,O=C(Nc1cc(-c2ccc3c(c2)OCO3)nc(-c2ccccc2)n1)C1CCCC1
C1=COC(=C1)C2=NN3C(=N2)C4=C(C=CC(=C4)Cl)N=C3NC(=O)CCCN,-1.9074113607745864,NCCCC(=O)Nc1nc2ccc(Cl)cc2c2nc(-c3ccco3)nn12
C1=CC=C(C=C1)N2C=C3C4=CC=CC=C4N=C(C3=N2)NC(=O)C5=CC=CS5,-1.6989700043360187,O=C(Nc1nc2ccccc2c2cn(-c3ccccc3)nc12)c1cccs1
C1=NC2=C(C(=N1)N)N=CN2C3C(C(C(O3)CN)O)O,-2.628388930050312,NCC1OC(n2cnc3c(N)ncnc32)C(O)C1O
CCC1=NC2=C(N1)C(=CC(=N2)C3=CC=CC=C3)C4=CC=CC=C4,-0.9294189257142929,CCc1nc2nc(-c3ccccc3)cc(-c3ccccc3)c2[nH]1
C1=CC=C(C=C1)CCN2C=C3C(=N2)N=C(N4C3=NC(=N4)C5=CC=CO5)NC(=O)CC6=CC=CC=C6,-1.6532125137753435,O=C(Cc1ccccc1)Nc1nc2nn(CCc3ccccc3)cc2c2nc(-c3ccco3)nn12
CN1C=C2C(=N1)N=C(N3C2=NC(=N3)C4=CC=CO4)NC(=O)NC5=CC=C(C=C5)[N+](=O)[O-],0.3665315444204135,Cn1cc2c(nc(NC(=O)Nc3ccc([N+](=O)[O-])cc3)n3nc(-c4ccco4)nc23)n1
CCNC(=O)C1C(C(C(O1)N2C=NC3=C2N=CN=C3NC(=O)NC4=CC=C(C=C4)S(=O)(=O)N5CC=CC5)O)O,-1.2787536009528289,CCNC(=O)C1OC(n2cnc3c(NC(=O)Nc4ccc(S(=O)(=O)N5CC=CC5)cc4)ncnc32)C(O)C1O
CN1C=C2C(=N1)N=C(N3C2=NC(=N3)C4=CC=C(C=C4)C5=CC=CC=C5)NC(=O)NC6=CC=C(C=C6)F,-0.608526033577194,Cn1cc2c(nc(NC(=O)Nc3ccc(F)cc3)n3nc(-c4ccc(-c5ccccc5)cc4)nc23)n1
CCOC(=O)NC1=NC(=C(S1)C(=O)C2=CC=C(C=C2)OC)C3=CC=CC=C3,-1.9947569579944922,CCOC(=O)Nc1nc(-c2ccccc2)c(C(=O)c2ccc(OC)cc2)s1
CN1C=C2C(=N1)N=C(N3C2=NC(=N3)C4=CC=C(C=C4)Br)NC(=O)NC5=CC=C(C=C5)OC,-0.290034611362518,COc1ccc(NC(=O)Nc2nc3nn(C)cc3c3nc(-c4ccc(Br)cc4)nn23)cc1
C1=CC(=CC(=C1)Cl)CNC(=O)C2C(C(C(O2)N3C=NC4=C3N=C(N=C4NCC5=CC(=CC=C5)I)Cl)O)O,-2.490000641890952,O=C(NCc1cccc(Cl)c1)C1OC(n2cnc3c(NCc4cccc(I)c4)nc(Cl)nc32)C(O)C1O
CC(=O)NC1=NC2=CC=CC=C2C3=CN(N=C31)C4=CC=C(C=C4)OC,-2.006466042249232,COc1ccc(-n2cc3c(n2)c(NC(C)=O)nc2ccccc23)cc1
CC1=CC=C(C=C1)C2=NN3C(=NC4=CC=CC=C4N3C2=O)NC(=O)C5=CC=C(C=C5)OC,-0.04139268515822507,COc1ccc(C(=O)Nc2nc3ccccc3n3c(=O)c(-c4ccc(C)cc4)nn23)cc1
CC1=CC(=C(C=C1)C2=C(C(=O)C3=C(O2)C=CC(=C3)Cl)O)OC(C)C,-2.7481880270062,Cc1ccc(-c2oc3ccc(Cl)cc3c(=O)c2O)c(OC(C)C)c1
C1=NC2=C(C(=N1)N)N=CN2C3C(C(C(O3)C(=O)NCCC(F)(F)F)O)O,-2.8567288903828825,Nc1ncnc2c1ncn2C1OC(C(=O)NCCC(F)(F)F)C(O)C1O
C1=CC=C2C(=C1)N=C(C3=NC(=NN23)C4=CC=CO4)NC(=O)C5=CC=CO5,-2.400002345927956,O=C(Nc1nc2ccccc2n2nc(-c3ccco3)nc12)c1ccco1
CCNC(=O)C1C(C(C(O1)N2C=NC3=C2N=CN=C3NCCCCCCNC4=CC=C(C5=NON=C45)[N+](=O)[O-])O)O,-1.3729120029701067,CCNC(=O)C1OC(n2cnc3c(NCCCCCCNc4ccc([N+](=O)[O-])c5nonc45)ncnc32)C(O)C1O
CCCN1C2=C(C(=O)N(C1=O)CCC)NC(=N2)C3=CN(N=C3)CC4=CC(=CC=C4)F,-1.7558748556724917,CCCn1c(=O)c2[nH]c(-c3cnn(Cc4cccc(F)c4)c3)nc2n(CCC)c1=O
C1CCC(CC1)NC2=NC3=C(C=CC=C3[N+](=O)[O-])N4C2=NN(C4=O)C5=CC=CC=C5,-2.4487063199050803,O=c1n(-c2ccccc2)nc2c(NC3CCCCC3)nc3c([N+](=O)[O-])cccc3n12
COC1=CC=CC=C1CNC(=O)NC2=NN(C(=O)C3=CC=CC=C32)C4=CC=CC=C4,-2.4380674504534943,COc1ccccc1CNC(=O)Nc1nn(-c2ccccc2)c(=O)c2ccccc12
CCC1=NC2=C(C(=N1)C3=NC=CS3)SC=C2,-3.258397804095509,CCc1nc(-c2nccs2)c2sccc2n1
C1CC1NC2=NC(=NC3=C2N=CN3C4C(C(C(O4)C(=O)N5CCC(CC5)CC6=CC=CC=C6)O)O)Cl,-3.59999981394342,O=C(C1OC(n2cnc3c(NC4CC4)nc(Cl)nc32)C(O)C1O)N1CCC(Cc2ccccc2)CC1
C1=CC(=CC(=C1)C2=C(SC(=N2)NC(=O)O)N3C=NC=N3)C#N,-2.127104798364808,N#Cc1cccc(-c2nc(NC(=O)O)sc2-n2cncn2)c1
CNC(=O)C1C(C(C(O1)N2C=NC3=C2N=C(N=C3NC4CCCC4)Cl)O)O,-0.6300208511134099,CNC(=O)C1OC(n2cnc3c(NC4CCCC4)nc(Cl)nc32)C(O)C1O
CC(C)CN1C(=O)C2=C(N=C(N2)C3=CN(N=C3)CC4=CC=CC=C4)N(C1=O)C,-2.3096301674258988,CC(C)Cn1c(=O)c2[nH]c(-c3cnn(Cc4ccccc4)c3)nc2n(C)c1=O
CCNC(=O)C1=CN(N=C1)C2=NC3=C(C(=N2)NC)N=CN3C4C(C(C(O4)CO)O)O,-1.6901960800285136,CCNC(=O)c1cnn(-c2nc(NC)c3ncn(C4OC(CO)C(O)C4O)c3n2)c1
CCCN1C(=O)C2=C(N=C3N2C=C(N3)C4=CC=CC=C4)N(C1=O)CC5=CC=CC=C5,-2.060697840353612,CCCn1c(=O)c2c(nc3[nH]c(-c4ccccc4)cn32)n(Cc2ccccc2)c1=O
CCOC(=O)C1=CN(N=C1)C2=NC3=C(C(=N2)NC4CCCO4)N=CN3C5C(C(C(O5)CO)O)O,-1.6127838567197357,CCOC(=O)c1cnn(-c2nc(NC3CCCO3)c3ncn(C4OC(CO)C(O)C4O)c3n2)c1
CNC(=O)C12CC1C(C(C2O)O)N3C=NC4=C3N=C(N=C4NCC5=CC(=CC=C5)Cl)C#CC6=CC(=C(C=C6)F)F,-0.5428254269591799,CNC(=O)C12CC1C(n1cnc3c(NCc4cccc(Cl)c4)nc(C#Cc4ccc(F)c(F)c4)nc31)C(O)C2O
COC1=CC=C(C=C1)N2C(=O)N3C4=CC=CC=C4N=C(C3=N2)NS(=O)(=O)C5=CC=CC=C5,-0.3424226808222063,COc1ccc(-n2nc3c(NS(=O)(=O)c4ccccc4)nc4ccccc4n3c2=O)cc1
CCNC(=O)C1C(C(C(O1)N2C=NC3=C2N=C(N=C3N)C#CC(C4=CC=CC=C4)O)O)O,0.3767507096020996,CCNC(=O)C1OC(n2cnc3c(N)nc(C#CC(O)c4ccccc4)nc32)C(O)C1O
C1=CC=C(C=C1)CN2C3=C(C(=NC(=N3)C4=CC=CC=C4)N)N=N2,-3.6252095253818815,Nc1nc(-c2ccccc2)nc2c1nnn2Cc1ccccc1
CCN1C=C2C(=N1)N=C(N3C2=NC(=N3)C4=CC=CO4)NC(=O)CC5=CC=C(C=C5)C6=CC=CC=C6,-1.1522883443830565,CCn1cc2c(nc(NC(=O)Cc3ccc(-c4ccccc4)cc3)n3nc(-c4ccco4)nc23)n1
CCOC(=O)C1C(C(=C(N=C1C)C2=CC=CC=C2)C(=O)OCC)C=C(C3=CC=CC=C3)C4=CC=CC=C4,-3.1522883443830567,CCOC(=O)C1=C(c2ccccc2)N=C(C)C(C(=O)OCC)C1C=C(c1ccccc1)c1ccccc1
CC1(C2=C(C=C(C=C2)CNC3=NC=NC4=C3N=CN4C5C(C(C(O5)C(=O)NC)O)O)C(N1[O])(C)C)C,-2.505149978319906,CNC(=O)C1OC(n2cnc3c(NCc4ccc5c(c4)C(C)(C)N([O])C5(C)C)ncnc32)C(O)C1O
CC(C)(C)CN1C=C2C(=N1)N=C(N=C2Cl)NC(=O)C3=CC=C(C=C3)C(F)(F)F,-3.8195439355418688,CC(C)(C)Cn1cc2c(Cl)nc(NC(=O)c3ccc(C(F)(F)F)cc3)nc2n1
CCN1C2=C(C(=O)N(C1=O)CC(C)C)NC(=N2)C3=CN(N=C3)CC4=CC(=CC=C4)C(F)(F)F,-2.397940008672037,CCn1c(=O)n(CC(C)C)c(=O)c2[nH]c(-c3cnn(Cc4cccc(C(F)(F)F)c4)c3)nc21
CC1=CC(=CC=C1)CNC(=O)C2=NC(=NC(=C2)C3=CC=CO3)N,-3.183554533618861,Cc1cccc(CNC(=O)c2cc(-c3ccco3)nc(N)n2)c1
CN(C)C(=O)C1C(C(C(S1)N2C=NC3=C2N=C(N=C3NC4CCC4)Cl)O)O,-2.060697840353612,CN(C)C(=O)C1SC(n2cnc3c(NC4CCC4)nc(Cl)nc32)C(O)C1O
CCNC1=NC(=NC2=C1N=CN2C3C4CC4(C(C3O)O)C(=O)NC)N5C=C(N=N5)C6=CC=C(S6)Cl,-0.07918124604762483,CCNc1nc(-n2cc(-c3ccc(Cl)s3)nn2)nc2c1ncn2C1C(O)C(O)C2(C(=O)NC)CC12
CCCCC#CC1=NC2=C(C(=N1)NCC3=CC(=CC=C3)Br)N=CN2C4C(C(CO4)O)O,-1.8260748027008264,CCCCC#Cc1nc(NCc2cccc(Br)c2)c2ncn(C3OCC(O)C3O)c2n1
CC1=NC2=C(C(=O)N1)N=C(S2)C3=CC(=CC=C3)F,-2.0374264979406242,Cc1nc2sc(-c3cccc(F)c3)nc2c(=O)[nH]1
CC(C)CCNC(=O)C1C(C(C(O1)N2C=NC3=C2N=C(N=C3NCC4=CC(=CC=C4)I)Cl)O)O,-1.6200318951262973,CC(C)CCNC(=O)C1OC(n2cnc3c(NCc4cccc(I)c4)nc(Cl)nc32)C(O)C1O
CCCCCC(C#CC1=NC2=C(C(=N1)NCC)N=CN2C3C(C(C(O3)C(=O)NCC)O)O)O,0.2660007134616131,CCCCCC(O)C#Cc1nc(NCC)c2ncn(C3OC(C(=O)NCC)C(O)C3O)c2n1
CC1=CC(=C(C(=C1)C)C2=C(C(=O)C3=C(O2)C=CC(=C3)Cl)Cl)C,-3.7193312869837274,Cc1cc(C)c(-c2oc3ccc(Cl)cc3c(=O)c2Cl)c(C)c1
CNC(=O)C12CC1C(C(C2O)O)N3C=NC4=C3N=C(N=C4NCC5=CC(=CC=C5)Cl)I,-0.5563025007672873,CNC(=O)C12CC1C(n1cnc3c(NCc4cccc(Cl)c4)nc(I)nc31)C(O)C2O
C1CC(CCC1C(=O)NC2=NC(=NS2)C3=CC=CC=C3)O,-3.361727836017593,O=C(Nc1nc(-c2ccccc2)ns1)C1CCC(O)CC1
CC(=O)NC1=NC(=CC(=N1)C2=CC=CC=C2)C3=CC=CC=C3,-2.374748346010104,CC(=O)Nc1nc(-c2ccccc2)cc(-c2ccccc2)n1
C1CC1C(=O)NC2=NC(=NC3=C2N=NN3CC4=CC=CC=C4F)C5=CC=CC=C5,-2.4653828514484184,O=C(Nc1nc(-c2ccccc2)nc2c1nnn2Cc1ccccc1F)C1CC1
CN1C=C2C(=N1)N=C(N3C2=NC(=N3)C4=CC=CO4)NC(=O)NC5=CC=CC=C5OC,0.1549019599857432,COc1ccccc1NC(=O)Nc1nc2nn(C)cc2c2nc(-c3ccco3)nn12
CCNC(=O)C1C(C(C(O1)N2C=NC3=C2N=CN=C3NC(=O)NC4=CC=C(C=C4)S(=O)(=O)NCC5=CC=CC=C5)O)O,-1.3802112417116061,CCNC(=O)C1OC(n2cnc3c(NC(=O)Nc4ccc(S(=O)(=O)NCc5ccccc5)cc4)ncnc32)C(O)C1O
CCCN1C2=C(C(=O)N(C1=O)CCC)NC(=N2)C3=CN(N=C3)CC4=NOC(=N4)C5=CC(=CC=C5)OC,-3.3010299956639813,CCCn1c(=O)c2[nH]c(-c3cnn(Cc4noc(-c5cccc(OC)c5)n4)c3)nc2n(CCC)c1=O
CCCC(=O)NC1=NC(=NC(=C1)C2=CC=CC=C2F)C3=CC=CC=C3F,-2.130333768495006,CCCC(=O)Nc1cc(-c2ccccc2F)nc(-c2ccccc2F)n1
CNC1=NC(=NC2=C1N=CN2C3C(C(C(O3)CO)O)O)CN,-2.8567288903828825,CNc1nc(CN)nc2c1ncn2C1OC(CO)C(O)C1O
CNC(=O)C1C(C(C(O1)N2C=NC3=C2N=C(N=C3NCC4=CC(=CC=C4)I)Cl)O)F,-2.308564413561238,CNC(=O)C1OC(n2cnc3c(NCc4cccc(I)c4)nc(Cl)nc32)C(O)C1F
CC1(C(C(OC1N2C=NC3=C2N=C(N=C3NC4CC5CCC4C5)Cl)CSC6=CC=CC=C6F)O)O,-3.638489256954637,CC1(O)C(O)C(CSc2ccccc2F)OC1n1cnc2c(NC3CC4CCC3C4)nc(Cl)nc21
CCCN1C2=C(C(=O)N(C1=O)CCC)NC(=N2)C3=CC=C(C=C3)OCC4=NC(=NO4)C5=CC=C(C=C5)F,-1.5910646070264989,CCCn1c(=O)c2[nH]c(-c3ccc(OCc4nc(-c5ccc(F)cc5)no4)cc3)nc2n(CCC)c1=O
CC1=CC=C(O1)C2=CC(=NC(=N2)N)C(=O)NCC3=NC=CN3C(C)C,-3.2113875529368587,Cc1ccc(-c2cc(C(=O)NCc3nccn3C(C)C)nc(N)n2)o1
C1=CC(=CC(=C1)Cl)NC(=O)NC2=NC3=NN(C=C3C4=NC(=NN42)C5=CC=CO5)CCC6=CC(=C(C=C6Br)Br)Br,-1.8512583487190752,O=C(Nc1cccc(Cl)c1)Nc1nc2nn(CCc3cc(Br)c(Br)cc3Br)cc2c2nc(-c3ccco3)nn12
COC1=CC=C(C=C1)C(=O)NC2=CC=CC(=N2)C3=CC=CC=C3,-3.9395192526186182,COc1ccc(C(=O)Nc2cccc(-c3ccccc3)n2)cc1
C1CC1CN2C(=O)C3=C(NC2=O)N=C(N3)C4=CN(N=C4)CC5=CC(=CC=C5)C(F)(F)F,-3.0,O=c1[nH]c2nc(-c3cnn(Cc4cccc(C(F)(F)F)c4)c3)[nH]c2c(=O)n1CC1CC1
CCOC(=O)C1=C(N=C(C(C1C2=CC3=C(C=C2)OCO3)C(=O)OC)C)C,-3.660865478003868,CCOC(=O)C1=C(C)N=C(C)C(C(=O)OC)C1c1ccc2c(c1)OCO2
C1C2C1C(C(C2N3C=NC4=C3N=C(N=C4NCC5=CC(=CC=C5)OCCF)Cl)O)O,-2.0569048513364727,OC1C(O)C(n2cnc3c(NCc4cccc(OCCF)c4)nc(Cl)nc32)C2CC12
CNC1=NC(=NC2=C1N=CN2C3C(C(C(O3)CO)O)O)C#CC(C4=CC=CC=C4)O,-0.07918124604762483,CNc1nc(C#CC(O)c2ccccc2)nc2c1ncn2C1OC(CO)C(O)C1O
CC1=CC(=CC=C1)N2C=C3C4=CC=CC=C4N=C(C3=N2)NC(=O)C5=CC=CC=C5,-0.6334684555795865,Cc1cccc(-n2cc3c(n2)c(NC(=O)c2ccccc2)nc2ccccc23)c1
CCCN1C=C2C(=N1)N=C(N3C2=NC(=N3)C4=CC=CO4)NC(=O)NC5=CC(=CC=C5)Cl,0.040958607678906384,CCCn1cc2c(nc(NC(=O)Nc3cccc(Cl)c3)n3nc(-c4ccco4)nc23)n1
C1=CC(=CC(=C1)O)CN2C3=NC(=NC(=C3N=N2)C4=CC=CO4)N,-2.6910814921229687,Nc1nc(-c2ccco2)c2nnn(Cc3cccc(O)c3)c2n1
CC1=CC=C(O1)C2=NC3=CN(N=C3C(=N2)N)CC4=CC(=CC=C4)O,-2.3521825181113627,Cc1ccc(-c2nc(N)c3nn(Cc4cccc(O)c4)cc3n2)o1
CC1=C(C(CCC1)(C)C)C=CC(=CC=CC(=CC(=O)O)C)C,-3.3723595825243233,CC(C=CC1=C(C)CCCC1(C)C)=CC=CC(C)=CC(=O)O
C1CC(N(C1)C2=NC3=C(C(=N2)C4=NC=CS4)SC=C3)CO,-2.6589648426644352,OCC1CCCN1c1nc(-c2nccs2)c2sccc2n1
CCCCC#CC1=NC2=C(C(=N1)NCC3=CC(=CC=C3)F)N=CN2C4C(C(CO4)O)O,-2.7558748556724915,CCCCC#Cc1nc(NCc2cccc(F)c2)c2ncn(C3OCC(O)C3O)c2n1
C1=COC(=C1)C2=NN3C(=N2)C4=C(C=CC(=C4)Cl)NC3=O,-2.4149733479708178,O=c1[nH]c2ccc(Cl)cc2c2nc(-c3ccco3)nn12
CNC1=NC2=NC(=NN2C(=N1)NCC3=CC=C(C=C3)F)C4=CC=CO4,-2.745855195173729,CNc1nc(NCc2ccc(F)cc2)n2nc(-c3ccco3)nc2n1
CCCC1=C(C(=NC(=C1C(=O)SCC)CC)C2=CC=CC=C2)C(=O)OCCC,-2.376576957056512,CCCOC(=O)c1c(-c2ccccc2)nc(CC)c(C(=O)SCC)c1CCC
CCCCC#CC1=NC2=C(C(=N1)N)N=CN2C3C(C(C(O3)CSCC)O)O,-1.5092025223311027,CCCCC#Cc1nc(N)c2ncn(C3OC(CSCC)C(O)C3O)c2n1
CC1=CC=CC=C1CNC2=NC(=NC3=C2N=CN3C4C(C(C(O4)C(=O)N(C)C)O)O)Cl,-2.800001827817969,Cc1ccccc1CNc1nc(Cl)nc2c1ncn2C1OC(C(=O)N(C)C)C(O)C1O
COC1=C(C=C(C=C1)C=NNC2=NC3=C(C(=N2)N)N=CN3C4C(C(C(O4)CO)O)O)Cl,-1.7084209001347128,COc1ccc(C=NNc2nc(N)c3ncn(C4OC(CO)C(O)C4O)c3n2)cc1Cl
C1=CC=C(C=C1)N2C=C3C(=N2)C(=NC(=N3)C4=CC=CS4)NC(=O)C5=CN=CC=C5,0.38721614328026455,O=C(Nc1nc(-c2cccs2)nc2cn(-c3ccccc3)nc12)c1cccnc1
C1=CC=C2C(=C1)C3=NN(C=C3C(=O)N2)C4=CC=CC=C4Cl,-1.6434526764861874,O=c1[nH]c2ccccc2c2nn(-c3ccccc3Cl)cc12
C1CC(C1)C2=NN(C(=O)C3=C2C4=CC(=NN4C=N3)C5=CC=CC=C5)CC6=CC=CC=C6,-2.285782273779395,O=c1c2ncn3nc(-c4ccccc4)cc3c2c(C2CCC2)nn1Cc1ccccc1
CC1=C(C(C(=C(N1)C)C(=O)OC)C2=CC=CC=C2[N+](=O)[O-])C(=O)OC,-3.918554530550274,COC(=O)C1=C(C)NC(C)=C(C(=O)OC)C1c1ccccc1[N+](=O)[O-]
CC(C)(C)C1=CC(=CC(=C1O)C(C)(C)C)C(=O)NCCCCCCNC2=NC=NC3=C2N=CN3C4C(C(C(O4)CO)O)O,-1.146128035678238,CC(C)(C)c1cc(C(=O)NCCCCCCNc2ncnc3c2ncn3C2OC(CO)C(O)C2O)cc(C(C)(C)C)c1O
C1=CC=NC(=C1)C2=CSC(=N2)NC(=O)C3=CC=C(C=C3)Cl,-3.505149978319906,O=C(Nc1nc(-c2ccccn2)cs1)c1ccc(Cl)cc1
CONC1=NC(=NC2=C1N=CN2C3C(C(C(O3)C4=NOC=C4)O)O)Cl,-1.4913616938342726,CONc1nc(Cl)nc2c1ncn2C1OC(c2ccon2)C(O)C1O
C1=CC=C(C=C1)CC(=O)NC2=NC(=NC3=CN(N=C32)CC4=CC=CC=C4)C5=CC=CC=C5,-2.305351369446624,O=C(Cc1ccccc1)Nc1nc(-c2ccccc2)nc2cn(Cc3ccccc3)nc12
CCOC(=O)C1=C(N=C(C(C1C#CC2=CC=CC=C2)C(=O)OC(C)(C)C)C)C3=CC=CC=C3,-3.0170333392987803,CCOC(=O)C1=C(c2ccccc2)N=C(C)C(C(=O)OC(C)(C)C)C1C#Cc1ccccc1
CCCC(=O)NC1=NC(=CC(=N1)C2=CC3=C(C=C2)OCO3)C4=CC5=C(C=C4)OCO5,-2.8756399370041685,CCCC(=O)Nc1nc(-c2ccc3c(c2)OCO3)cc(-c2ccc3c(c2)OCO3)n1
C1=CN=CC=C1NC2=NC(=NC3=C2N=CN3C4C(C(C(O4)CO)O)O)N5C=C(C=N5)CO,-0.6020599913279624,OCc1cnn(-c2nc(Nc3ccncc3)c3ncn(C4OC(CO)C(O)C4O)c3n2)c1
CCCC(=O)NC1=NC(=NC(=C1)C2=CC=CO2)C3=CC=CO3,-0.99563519459755,CCCC(=O)Nc1cc(-c2ccco2)nc(-c2ccco2)n1
C1=CC=C(C=C1)CCNC(=O)C2C(C(C(S2)N3C=NC4=C3N=C(N=C4NCC5=CC(=CC=C5)I)Cl)O)O,-2.6364878963533656,O=C(NCCc1ccccc1)C1SC(n2cnc3c(NCc4cccc(I)c4)nc(Cl)nc32)C(O)C1O
CCOC1=CC=C(C=C1)C2=CC(=NC(=N2)C3=CC=C(C=C3)OCC)NC(=O)C,-1.6020599913279625,CCOc1ccc(-c2cc(NC(C)=O)nc(-c3ccc(OCC)cc3)n2)cc1
CC1=C(C=CC(=C1)C(=O)NC2=NC(=NS2)C3=CC=CC=C3)OC,-2.7634279935629373,COc1ccc(C(=O)Nc2nc(-c3ccccc3)ns2)cc1C
C=CCN1C2=C(C(=O)N(C1=O)CC=C)NC(=N2)C3=CC=C(C=C3)OCC(=O)O,-2.9116901587538613,C=CCn1c(=O)c2[nH]c(-c3ccc(OCC(=O)O)cc3)nc2n(CC=C)c1=O
CSC1=NC2=NC(=NN2C(=N1)NC(=O)C(C3=CC=CC=C3)C4=CC=CC=C4)C5=CC=CO5,-2.230448921378274,CSc1nc(NC(=O)C(c2ccccc2)c2ccccc2)n2nc(-c3ccco3)nc2n1
CC(C)CCN1C=C2C(=N1)N=C(N3C2=NC(=N3)C4=CC=CO4)NC(=O)COC5=CC=C(C=C5)Cl,-3.36285930295868,CC(C)CCn1cc2c(nc(NC(=O)COc3ccc(Cl)cc3)n3nc(-c4ccco4)nc23)n1
C1=CC=C(C=C1)C=CC(=O)NC2=NC3=C(C=C(C=C3)Cl)C4=NC(=NN42)C5=CC=CO5,-1.857935264719429,O=C(C=Cc1ccccc1)Nc1nc2ccc(Cl)cc2c2nc(-c3ccco3)nn12
CCN1C(=O)C2=C(N=C(N2)C3=CC=C(C=C3)OCC(=O)NC4=CC=C(C=C4)N(C)C)N(C1=O)CCCOC,-2.320000804264728,CCn1c(=O)c2[nH]c(-c3ccc(OCC(=O)Nc4ccc(N(C)C)cc4)cc3)nc2n(CCCOC)c1=O
CCNC(=O)C1C(C(C(O1)N2C=NC3=C2N=C(N=C3N)N4CCN(CC4)C5=CC=C(C=C5)OCCOC)O)O,-2.4668676203541096,CCNC(=O)C1OC(n2cnc3c(N)nc(N4CCN(c5ccc(OCCOC)cc5)CC4)nc32)C(O)C1O
CN1C=C2C(=N1)N=C(N3C2=NC(=N3)C4=CC=CO4)NC(CO)CO,-2.72916478969277,Cn1cc2c(nc(NC(CO)CO)n3nc(-c4ccco4)nc23)n1
CCCC(=O)NC1=NC2=C(C=C(C=C2)Cl)C3=NC(=NN31)C4=CC=CO4,-1.1643528557844371,CCCC(=O)Nc1nc2ccc(Cl)cc2c2nc(-c3ccco3)nn12
C1=CC=C(C=C1)N2C=C3C4=C(C=CC(=C4)Cl)NC(=O)C3=N2,-1.6444385894678386,O=c1[nH]c2ccc(Cl)cc2c2cn(-c3ccccc3)nc12
CNC(=O)C1C(C(C(O1)N2C=NC3=C2N=CN=C3NCC4=CC(=CC=C4)I)O)CN,-2.1367205671564067,CNC(=O)C1OC(n2cnc3c(NCc4cccc(I)c4)ncnc32)C(O)C1CN
CNC(=O)C12CC1C(C(C2O)O)N3C=NC4=C3N=C(N=C4NC5C6CCC5CC6)Cl,-1.1643528557844371,CNC(=O)C12CC1C(n1cnc3c(NC4C5CCC4CC5)nc(Cl)nc31)C(O)C2O
C1=CC=C(C(=C1)NC(=O)NN=NC2=NC3=C(C(=N2)N)N=CN3C4C(C(C(O4)CO)O)O)Cl,-2.2528530309798933,Nc1nc(N=NNC(=O)Nc2ccccc2Cl)nc2c1ncn2C1OC(CO)C(O)C1O
COC1=CC(=CC(=C1OC)OC)NC2=NC3=C(N=CN=C3S2)N4CCCC4,-3.1072099696478683,COc1cc(Nc2nc3c(N4CCCC4)ncnc3s2)cc(OC)c1OC
CC(C)(C#CC1=NC2=C(C(=N1)N)N=C(N2C)C3=CC(=CC=C3)F)O,-3.322219294733919,Cn1c(-c2cccc(F)c2)nc2c(N)nc(C#CC(C)(C)O)nc21
CNC1=NC(=C(S1)C(=O)C2=CC=C(C=C2)OC)C3=CC=CC=C3,-3.0,CNc1nc(-c2ccccc2)c(C(=O)c2ccc(OC)cc2)s1
CCCN1C2=C(C(=O)N(C1=O)CCC)NC(=N2)C3=CN(N=C3)CC4=C(C=CC(=C4)C(F)(F)F)Cl,-3.154423973114647,CCCn1c(=O)c2[nH]c(-c3cnn(Cc4cc(C(F)(F)F)ccc4Cl)c3)nc2n(CCC)c1=O
C1COCC1NC2=NC=NC3=C2N=CN3C4C(C(C(O4)CSC5=CC=CC=C5F)O)O,-2.8727388274726686,OC1C(CSc2ccccc2F)OC(n2cnc3c(NC4CCOC4)ncnc32)C1O
CC1C(C(=NC(=C1C(=O)OCC2=CC=CC=C2)C)C)C(=O)OC,-3.444044795918076,COC(=O)C1C(C)=NC(C)=C(C(=O)OCc2ccccc2)C1C
C1CC(N(C1)C2=C3C(=NC=N2)SC(=N3)NC4=C(C=CC=C4F)F)CO,-3.534026106056135,OCC1CCCN1c1ncnc2sc(Nc3c(F)cccc3F)nc12
CNC1=NC=NC2=C1N=CN2C3C(C(C(S3)C(=O)NC4CCC4)O)O,-0.01703333929878037,CNc1ncnc2c1ncn2C1SC(C(=O)NC2CCC2)C(O)C1O
C1=CC=C(C=C1)CCC(=O)NC2=NC3=C(C(=N2)N)N=CN3C4C(C(C(O4)CO)O)O,-3.4329692908744063,Nc1nc(NC(=O)CCc2ccccc2)nc2c1ncn2C1OC(CO)C(O)C1O
CCSCC1C(C(C(O1)N2C=NC3=C2N=C(N=C3N)I)O)O,-2.59659709562646,CCSCC1OC(n2cnc3c(N)nc(I)nc32)C(O)C1O
C1=NC2=C(NC(=O)N=C2N1C3C(C(C(O3)CO)O)O)N,-2.5415792439465807,Nc1[nH]c(=O)nc2c1ncn2C1OC(CO)C(O)C1O
CCCCN1C=C2C(=N1)N=C(N3C2=NC(=N3)C4=CC=CO4)NC(=O)NC5=CC=C(C=C5)S(=O)(=O)O,-1.6720978579357175,CCCCn1cc2c(nc(NC(=O)Nc3ccc(S(=O)(=O)O)cc3)n3nc(-c4ccco4)nc23)n1
CC1=CN2C(=NC(=NC2=N1)C3=CC=CC=C3)N,-3.3010299956639813,Cc1cn2c(N)nc(-c3ccccc3)nc2n1
CN1C=C2C(=N1)N=C(N3C2=NC(=N3)C4=CC=CO4)NC(=O)CC5=CC=C(C=C5)C6=CC=CC=C6,-1.0492180226701815,Cn1cc2c(nc(NC(=O)Cc3ccc(-c4ccccc4)cc3)n3nc(-c4ccco4)nc23)n1
C1=CC=C(C=C1)N2C=C3C4=CC=CC=C4N=C(C3=N2)NC(=O)C5=CC=NC=C5,-0.6989700043360189,O=C(Nc1nc2ccccc2c2cn(-c3ccccc3)nc12)c1ccncc1
CN1C=C2C(=N1)N=C(N3C2=NC(=N3)C4=CC=CO4)NCCCO,-2.3820170425748683,Cn1cc2c(nc(NCCCO)n3nc(-c4ccco4)nc23)n1
C1=CC=C(C=C1)COCC(=O)NC2=NNC(=N2)C3=CC=CC=C3,-3.662757831681574,O=C(COCc1ccccc1)Nc1n[nH]c(-c2ccccc2)n1
CC(C)N1C=C2C(=N1)N=C(N=C2Cl)N(C(=O)C3=CC=CC=C3)C(=O)C4=CC=CC=C4,-3.8260748027008256,CC(C)n1cc2c(Cl)nc(N(C(=O)c3ccccc3)C(=O)c3ccccc3)nc2n1
CCNC(=O)C1C(C(C(O1)N2C=NC3=C2N=CN=C3NC(=O)NC4=CC=C(C=C4)S(=O)(=O)N5CCCC5)O)O,-1.3424226808222062,CCNC(=O)C1OC(n2cnc3c(NC(=O)Nc4ccc(S(=O)(=O)N5CCCC5)cc4)ncnc32)C(O)C1O
CCC(=O)NC1=NC(=NC(=C1)C2=CC=CC=C2F)C3=CC=CC=C3F,-2.204119982655925,CCC(=O)Nc1cc(-c2ccccc2F)nc(-c2ccccc2F)n1
CNC1=NC(=NC2=C1N=CN2C3C4CC4(C(C3O)O)C(=O)NC)C#CC5=CC(=CC=C5)N,-0.0354297381845483,CNC(=O)C12CC1C(n1cnc3c(NC)nc(C#Cc4cccc(N)c4)nc31)C(O)C2O
C1=CC(=CC(=C1)I)CNC2=NC(=NC3=C2N=CN3C4C(C(C(O4)C5=NOC=C5)O)O)Cl,-0.8920946026904804,OC1C(c2ccon2)OC(n2cnc3c(NCc4cccc(I)c4)nc(Cl)nc32)C1O
CCNC(=O)C1C(C(C(O1)N2C=NC3=C2N=CN=C3NC(=O)NC4=CC=C(C=C4)S(=O)(=O)N(C)C(C)C)O)O,-0.9030899869919436,CCNC(=O)C1OC(n2cnc3c(NC(=O)Nc4ccc(S(=O)(=O)N(C)C(C)C)cc4)ncnc32)C(O)C1O
C1=CC=C(C=C1)NC(=O)NC2=NC=NC3=CC=CC=C32,-3.0791812460476247,O=C(Nc1ccccc1)Nc1ncnc2ccccc12
CC1=CN2C3=C(N=C2N1)N(C(=O)N(C3=O)CCN(C)C)CC4=CC=CC=C4,-1.9912260756924949,Cc1cn2c(nc3c2c(=O)n(CCN(C)C)c(=O)n3Cc2ccccc2)[nH]1
CNC(=O)C12CC1C(C(C2O)O)N3C=NC4=C3N=CN=C4NCC5=CC(=CC=C5)I,-0.380211241711606,CNC(=O)C12CC1C(n1cnc3c(NCc4cccc(I)c4)ncnc31)C(O)C2O
C1=CC=C2C(=C1)N=CC(=N2)C3=NC4=C(N3)C=C(C=C4)Cl,-2.8007170782823847,Clc1ccc2nc(-c3cnc4ccccc4n3)[nH]c2c1
CCN1C(=O)C2=C(NC1=O)N=C(N2)C3=CC=C(C=C3)S(=O)(=O)N4CCCCC4,-2.3201462861110542,CCn1c(=O)[nH]c2nc(-c3ccc(S(=O)(=O)N4CCCCC4)cc3)[nH]c2c1=O
C1CCC(C1)NC(=O)C2C(C(C(O2)N3C=NC4=C3N=CN=C4N)O)O,-1.845098040014257,Nc1ncnc2c1ncn2C1OC(C(=O)NC2CCCC2)C(O)C1O
CNC(=O)C12CC1C(C(C2O)O)N3C=NC4=C3N=C(N=C4NC5CC5C6=CC(=C(C=C6)F)F)C#CC7=CC=CC=C7,-1.2291697025391009,CNC(=O)C12CC1C(n1cnc3c(NC4CC4c4ccc(F)c(F)c4)nc(C#Cc4ccccc4)nc31)C(O)C2O
C1=CC=C(C=C1)CCNC2=NC(=C3C(=N2)N(C=N3)C4C(C(C(O4)CO)O)O)C(F)(F)F,-1.505149978319906,OCC1OC(n2cnc3c(C(F)(F)F)nc(NCCc4ccccc4)nc32)C(O)C1O
C1=CC=C(C=C1)N2C=C3C(=N2)C(=NC(=N3)CC4=CC=CC=C4O)N,-1.9867717342662448,Nc1nc(Cc2ccccc2O)nc2cn(-c3ccccc3)nc12
C1=CC=C(C=C1)CCNC(=O)C2=CN=C(N3C2=NC(=N3)C4=CC=CO4)NC(=O)NC5=CC=CC=C5,-3.1303337684950066,O=C(Nc1ccccc1)Nc1ncc(C(=O)NCCc2ccccc2)c2nc(-c3ccco3)nn12
C1=CC(=CC=C1CSC(CN2C=CN=C2)C3=C(C=C(C=C3)Cl)Cl)Cl,-3.1717264536532315,Clc1ccc(CSC(Cn2ccnc2)c2ccc(Cl)cc2Cl)cc1
CCCN1C=C2C(=N1)C3=NC(=NN3C(=N2)N)C4=CC=CO4,-2.635483746814912,CCCn1cc2nc(N)n3nc(-c4ccco4)nc3c2n1
C1CC1NC2=NC(=NC3=C2N=CN3C4C(C(C(O4)C(=O)NC5CC5)O)O)Cl,-0.7497363155690611,O=C(NC1CC1)C1OC(n2cnc3c(NC4CC4)nc(Cl)nc32)C(O)C1O
CCN1C(=O)C2=C(N=C(N2)C3=CN(N=C3)CC4=CC(=CC=C4)C(F)(F)F)N(C1=O)C,-2.418301291319745,CCn1c(=O)c2[nH]c(-c3cnn(Cc4cccc(C(F)(F)F)c4)c3)nc2n(C)c1=O
CCCN1C2=C(C(=O)N(C1=O)CCC)NC(=N2)C3=CC=C(C=C3)C=CC(=O)NC4=CC=CC=C4C(=O)C,-2.08278537031645,CCCn1c(=O)c2[nH]c(-c3ccc(C=CC(=O)Nc4ccccc4C(C)=O)cc3)nc2n(CCC)c1=O
CN1C=C2C(=N1)N=C(N3C2=NC(=N3)C4=CC=CO4)NCCCOCCOOCCCCCNC(=S)NC5=CC(=C(C=C5)C6=C7C=CC(=O)C=C7OC8=C6C=CC(=C8)O)C(=O)O,-3.8506462351830666,Cn1cc2c(nc(NCCCOCCOOCCCCCNC(=S)Nc3ccc(-c4c5ccc(=O)cc-5oc5cc(O)ccc45)c(C(=O)O)c3)n3nc(-c4ccco4)nc23)n1
C1CCCC(CC1)NC2=NC(=NC3=C2NC=N3)NC4=CC=C(C=C4)N5CCOCC5,-2.6232492903979003,c1nc2nc(Nc3ccc(N4CCOCC4)cc3)nc(NC3CCCCCC3)c2[nH]1
CC1=NC2=C(C(=O)N1)N=C(S2)C3=CC=CC=C3,-1.9294189257142929,Cc1nc2sc(-c3ccccc3)nc2c(=O)[nH]1
CCNC(=O)C1C(C(C(O1)N2C=NC3=C2N=C(N=C3NC)N4C=C(N=N4)C5=CC=CC=N5)O)O,-0.2552725051033061,CCNC(=O)C1OC(n2cnc3c(NC)nc(-n4cc(-c5ccccn5)nn4)nc32)C(O)C1O
CNC(=O)C1=CN=C(N2C1=NC(=N2)C3=CC=CO3)N,-2.7846172926328747,CNC(=O)c1cnc(N)n2nc(-c3ccco3)nc12
CN1C=C2C(=N1)N=C(N3C2=NC(=N3)C4=CC=CO4)NCCCCCNC(=S)NC5=CC(=C(C=C5)C6C7C=CC(=O)C=C7OC8=C6C=CC(=C8)O)C(=O)O,-3.7499997488564176,Cn1cc2c(nc(NCCCCCNC(=S)Nc3ccc(C4c5ccc(O)cc5OC5=CC(=O)C=CC54)c(C(=O)O)c3)n3nc(-c4ccco4)nc23)n1
CNC1=NC(=NC2=C1N=CN2C3C4CC4(C(C3O)O)C(=O)NC)C#CC5=CC(=CC=C5)C(F)(F)F,-0.5308397786165204,CNC(=O)C12CC1C(n1cnc3c(NC)nc(C#Cc4cccc(C(F)(F)F)c4)nc31)C(O)C2O
CC1(C2=C(C=C(C=C2)CNC3C4=C(NC=N3)N(C=N4)C5C(C(C(O5)CO)O)O)C(N1[O])(C)C)C,-2.4471580313422194,CC1(C)c2ccc(CNC3N=CNc4c3ncn4C3OC(CO)C(O)C3O)cc2C(C)(C)N1[O]
CN(C)C1=CC=C(C=C1)NC2=NC3=C(C(=N2)NC4CCCCC4)NC=N3,-1.845098040014257,CN(C)c1ccc(Nc2nc(NC3CCCCC3)c3[nH]cnc3n2)cc1
C1CCC(CC1)CCOC2=NC3=C(C(=N2)N)N=CN3C4C(C(C(O4)CO)O)O,-2.7619278384205295,Nc1nc(OCCC2CCCCC2)nc2c1ncn2C1OC(CO)C(O)C1O
C1=CC=C(C=C1)NC(=O)NC2=NC(=NC3=CC=CC=C32)C4=CN=CC=C4,-1.7075701760979365,O=C(Nc1ccccc1)Nc1nc(-c2cccnc2)nc2ccccc12
CC1CN2C(=C3C(=NC(=N3)C4=CC(=NN4C)C)N(C2=O)CC=C)N1,-0.7024305364455253,C=CCn1c2nc(-c3cc(C)nn3C)nc-2c2n(c1=O)CC(C)N2
CN1C=C2C(=N1)N=C(N3C2=NC(=N3)C4=CC=CO4)NCCCOCCOCCCOCCOCCCNC(=S)NC5=CC(=C(C=C5)C6C7C=CC(=O)C=C7OC8=C6C=CC(=C8)O)C(=O)O,-3.8600000239347736,Cn1cc2c(nc(NCCCOCCOCCCOCCOCCCNC(=S)Nc3ccc(C4c5ccc(O)cc5OC5=CC(=O)C=CC54)c(C(=O)O)c3)n3nc(-c4ccco4)nc23)n1
CCN1C(=O)C2=C(N=C(N2)C3=CC=C(C=C3)OCC(=O)NC4=CC=C(C=C4)C#N)N(C1=O)CCCOC,-2.60000308662774,CCn1c(=O)c2[nH]c(-c3ccc(OCC(=O)Nc4ccc(C#N)cc4)cc3)nc2n(CCCOC)c1=O
CCC1CN2C(=C3C(=NC(=N3)C4=CC=CC=C4)N(C2=O)C)N1,-0.9912260756924948,CCC1Cn2c(c3nc(-c4ccccc4)nc-3n(C)c2=O)N1
CCNC(=O)C1C(C(C(O1)N2C=NC3=C2N=CN=C3NCC4=CC=C(C=C4)OC)O)O,-2.1999999998736453,CCNC(=O)C1OC(n2cnc3c(NCc4ccc(OC)cc4)ncnc32)C(O)C1O
CN1C2=C(C(=O)N(C1=O)CC3=CC=CC=C3)NC=N2,-3.64738297011462,Cn1c(=O)n(Cc2ccccc2)c(=O)c2[nH]cnc21
CCNC1=NC(=NC2=C1N=CN2C3C(C(C(O3)CO)O)O)N4C=C(C=N4)C5=CC=CC=N5,-2.0293837776852097,CCNc1nc(-n2cc(-c3ccccn3)cn2)nc2c1ncn2C1OC(CO)C(O)C1O
C1=COC(=C1)CN2C3=NC(=NC(=C3N=N2)C4=CC=CO4)N,-2.380211241711606,Nc1nc(-c2ccco2)c2nnn(Cc3ccco3)c2n1
COC1=CC=C(C=C1)NC(=O)NC2=NC3=NN(C=C3C4=NC(=NN42)C5=CC=CO5)CCC6=CC=CC=C6,-0.16731733474817606,COc1ccc(NC(=O)Nc2nc3nn(CCc4ccccc4)cc3c3nc(-c4ccco4)nn23)cc1
C1=CC=C(C=C1)CCCN2C=C3C(=C2)N=C(N4C3=NC(=N4)C5=CC=CO5)N,-2.3820170425748683,Nc1nc2cn(CCCc3ccccc3)cc2c2nc(-c3ccco3)nn12
CCOC(=O)C1=CN=C(N2C1=NC(=N2)C3=CC=CO3)NC,-0.6148972160331345,CCOC(=O)c1cnc(NC)n2nc(-c3ccco3)nc12
C1=CC=C(C=C1)C2=C3C(=NC(=N2)C4=CC=C(C=C4)Cl)N=CN3,-1.9731278535996983,Clc1ccc(-c2nc(-c3ccccc3)c3[nH]cnc3n2)cc1
COC1=CC=C(C=C1)C2=CN(N=C2)C3=NC4=C(C(=N3)NCC5=CC(=CC=C5)I)N=CN4C6C(C(C(O6)CO)O)O,-2.505149978319906,COc1ccc(-c2cnn(-c3nc(NCc4cccc(I)c4)c4ncn(C5OC(CO)C(O)C5O)c4n3)c2)cc1
C1=CC(=CC=C1CCC(=O)O)CCNN2C=NC3C(=C2NCCC(=O)N)N=CN3C4C(C(C(O4)CO)O)O,-2.0569048513364727,NC(=O)CCNC1=C2N=CN(C3OC(CO)C(O)C3O)C2N=CN1NCCc1ccc(CCC(=O)O)cc1
CC1(C2=C(C=C(C=C2)NC3C4=C(NC=N3)N(C=N4)C5C(C(C(O5)CO)O)O)C(N1)(C)C)C,-2.4471580313422194,CC1(C)NC(C)(C)c2cc(NC3N=CNc4c3ncn4C3OC(CO)C(O)C3O)ccc21
CN1C=C2C3=C(C(=CC=C3)OCC4=CC=CC=C4)N=C(C2=N1)N,-2.6989700043360187,Cn1cc2c(n1)c(N)nc1c(OCc3ccccc3)cccc12
CN1C=C2C(=N1)N=C(N3C2=NC(=N3)C4=CC=CO4)NC(=O)C(C5=CC=CC=C5)C6=CC=CC=C6,0.6020599913279624,Cn1cc2c(nc(NC(=O)C(c3ccccc3)c3ccccc3)n3nc(-c4ccco4)nc23)n1
CN1C=C2C(=N1)N=C(N=C2NC(=O)C3=CC=CC=C3)C4=CC=CC=C4,0.2218487496163564,Cn1cc2c(NC(=O)c3ccccc3)nc(-c3ccccc3)nc2n1
CC1=CC=C(C=C1)C2=NN3C(=NC4=CC=CC=C4N3C2=O)N,-1.4653828514484184,Cc1ccc(-c2nn3c(N)nc4ccccc4n3c2=O)cc1
CNC(=O)C12CC1C(C(C2O)O)N3C=NC4=C3N=C(N=C4NOC)Cl,-2.173186268412274,CNC(=O)C12CC1C(n1cnc3c(NOC)nc(Cl)nc31)C(O)C2O
C1=CC=C2C(=C1)C3=CN(N=C3C(=O)N2)C4=CC=C(C=C4)Cl,-0.4623979978989561,O=c1[nH]c2ccccc2c2cn(-c3ccc(Cl)cc3)nc12
CN1C=C2C(=N1)N=C(N3C2=NC(=N3)C4=CC=C(C=C4)[N+](=O)[O-])NC(=O)CC5=CC=CC=C5,0.204815410317576,Cn1cc2c(nc(NC(=O)Cc3ccccc3)n3nc(-c4ccc([N+](=O)[O-])cc4)nc23)n1
C1CC(C1)NC(=O)C2C(C(C(S2)N3C=NC4=C3N=CN=C4NCC5=CC(=CC=C5)I)O)O,-0.06818586174616162,O=C(NC1CCC1)C1SC(n2cnc3c(NCc4cccc(I)c4)ncnc32)C(O)C1O
C1=CC=C(C=C1)C2=NN3C(=NC4=C(N3C2=O)C=C(C=C4)Cl)N,-2.470116353151004,Nc1nc2ccc(Cl)cc2n2c(=O)c(-c3ccccc3)nn12
CC1=CC=C(O1)C2=C3C(=NC(=N2)N)N(N=N3)CC4=CC=CC=C4F,-2.4149733479708178,Cc1ccc(-c2nc(N)nc3c2nnn3Cc2ccccc2F)o1
CNC(=O)C1C(C(C(O1)N2C=NC3=C2N=C(N=C3N)Cl)O)O,0.4000078224159021,CNC(=O)C1OC(n2cnc3c(N)nc(Cl)nc32)C(O)C1O
C1=CC=C(C=C1)C(=O)NC2=NC3=C(C=C(C=C3)Cl)C4=NC(=NN42)C5=CC=CO5,-0.481442628502305,O=C(Nc1nc2ccc(Cl)cc2c2nc(-c3ccco3)nn12)c1ccccc1
CC1=CC=CC=C1CN2C3=NC(=NC(=C3N=N2)C4=CC=CO4)N,-2.5327543789924976,Cc1ccccc1Cn1nnc2c(-c3ccco3)nc(N)nc21
CCNC1=NC(=NC2=C1N=CN2C3C(C(C(O3)C(=O)NCC)O)O)C#CC4(CCCCC4)N,-1.434568904034199,CCNC(=O)C1OC(n2cnc3c(NCC)nc(C#CC4(N)CCCCC4)nc32)C(O)C1O
C1=CC=C(C=C1)CCCNC2=NC(=C3C(=N2)SC(=N3)C4=CC=CO4)N,-3.0549958615291417,Nc1nc(NCCCc2ccccc2)nc2sc(-c3ccco3)nc12
CCOC(=O)C12CC1C(C(C2O)O)N3C=NC4=C3N=C(N=C4NCC5=CC(=CC=C5)Cl)Cl,-2.4913616938342726,CCOC(=O)C12CC1C(n1cnc3c(NCc4cccc(Cl)c4)nc(Cl)nc31)C(O)C2O
C1=CC=C(C=C1)CN2C3=C(C(=NC(=N3)C4=CC=CC=C4)NC(=O)C5=CC(=CC=C5)Cl)N=N2,-3.727378569451489,O=C(Nc1nc(-c2ccccc2)nc2c1nnn2Cc1ccccc1)c1cccc(Cl)c1
CNC1=NC(=NC2=C1N=CN2C3C(C(C(O3)CO)O)O)N4C=C(N=N4)CN(C)C,-2.0681858617461617,CNc1nc(-n2cc(CN(C)C)nn2)nc2c1ncn2C1OC(CO)C(O)C1O
C1CC(C1)C(=O)NC2=NC(=NC3=C2N=NN3CC4=CC=CC=C4)C5=CC=CC=C5,-3.4818724103106637,O=C(Nc1nc(-c2ccccc2)nc2c1nnn2Cc1ccccc1)C1CCC1
C1=CC=C(C=C1)C2=NC3=C(C(=N2)NC(=O)C4=COC=C4)N=NN3CC5=CC=CC=C5F,-1.9590413923210936,O=C(Nc1nc(-c2ccccc2)nc2c1nnn2Cc1ccccc1F)c1ccoc1
CNC1=NC(=NC2=C1N=CN2C3C(C(C(S3)C(=O)NCC4=CC(=CC=C4)F)O)O)Cl,-1.2405492482825995,CNc1nc(Cl)nc2c1ncn2C1SC(C(=O)NCc2cccc(F)c2)C(O)C1O
C1=CC=C2C(=C1)C3=CC(=NN3C(=O)N2)C4=CC=CO4,-1.9030899869919435,O=c1[nH]c2ccccc2c2cc(-c3ccco3)nn12
CCCN1C2=C(C(=O)N(C1=O)CCC)NC(=N2)C3=CN(N=C3)CC4=NC(=NO4)C5=CC(=CC=C5)OC,-2.7781512503836434,CCCn1c(=O)c2[nH]c(-c3cnn(Cc4nc(-c5cccc(OC)c5)no4)c3)nc2n(CCC)c1=O
CCOC(=O)C1=C(N=C(C(C1C#CC2=CC=CC=C2)C(=O)OCC3COC(O3)(C)C)C)C4=CC=CC=C4,-3.1172712956557644,CCOC(=O)C1=C(c2ccccc2)N=C(C)C(C(=O)OCC2COC(C)(C)O2)C1C#Cc1ccccc1
C1=CC=C2C(=C1)C3=CC(=NN3C(=O)N2)C4=CC=CS4,-1.6020599913279625,O=c1[nH]c2ccccc2c2cc(-c3cccs3)nn12
COC1=CC=C(C=C1)CC(=O)NC2=NC(=NC3=NC(=NN32)C4=CC=CO4)OC5=CC=CC=C5,-3.716003343634799,COc1ccc(CC(=O)Nc2nc(Oc3ccccc3)nc3nc(-c4ccco4)nn23)cc1
CCCN1C=C2C(=C1)N=C(N3C2=NC(=N3)C4=CC=CO4)NC(=O)NC5=CC=C(C=C5)OC,-1.0,CCCn1cc2nc(NC(=O)Nc3ccc(OC)cc3)n3nc(-c4ccco4)nc3c2c1
CC(CC1=CC=CC=C1)NC2=NC=NC3=C2N=CN3C4C(C(C(O4)CO)O)O,-0.9395192526186184,CC(Cc1ccccc1)Nc1ncnc2c1ncn2C1OC(CO)C(O)C1O
CC1=CC=C(C=C1)C2=NC(=C3N2CCCCC3)C(=O)NC4=CC=CC=N4,-3.500000321342936,Cc1ccc(-c2nc(C(=O)Nc3ccccn3)c3n2CCCCC3)cc1
CCCCC1=C(C(=C(C(=[N+]1C)C2=CC=CC=C2)C(=O)OCC)CC)C(=O)SCC.[I-],-2.639486489268586,CCCCc1c(C(=O)SCC)c(CC)c(C(=O)OCC)c(-c2ccccc2)[n+]1C.[I-]
C1=CC=C(C=C1)C(=NC2=NC(=CC3=CC=CC=C32)C4=CC=CC=N4)N,-2.8633228601204563,NC(=Nc1nc(-c2ccccn2)cc2ccccc12)c1ccccc1
CCNC(=O)C1C(C(C(O1)N2C=NC3=C2N=C(N=C3N)NCCN4CCN(CC4)C5=CC=C(C=C5)OC)O)O,-3.3121773564397787,CCNC(=O)C1OC(n2cnc3c(N)nc(NCCN4CCN(c5ccc(OC)cc5)CC4)nc32)C(O)C1O
C1CC1NC(=O)C2C(C(C(S2)N3C=NC4=C3N=CN=C4NCC5=CC(=CC=C5)I)O)O,-0.481442628502305,O=C(NC1CC1)C1SC(n2cnc3c(NCc4cccc(I)c4)ncnc32)C(O)C1O
CNC1=NC(=NC2=C1N=CN2C3C(C(C(O3)C(=O)N4CCOCC4)O)O)Cl,-3.5899998381415923,CNc1nc(Cl)nc2c1ncn2C1OC(C(=O)N2CCOCC2)C(O)C1O
C1=CC=C2C(=C1)NC(=O)C3=NN(C(=O)N23)C4=CC(=CC=C4)F,-1.7993405494535817,O=c1[nH]c2ccccc2n2c(=O)n(-c3cccc(F)c3)nc12
COC1=CC=CC=C1CN2C3=NC(=NC(=C3N=N2)C4=CC=CO4)N,-2.531478917042255,COc1ccccc1Cn1nnc2c(-c3ccco3)nc(N)nc21
C1=CC(=CC=C1COC(CN2C=CN=C2)C3=C(C=C(C=C3)Cl)Cl)Cl,-3.2638726768652235,Clc1ccc(COC(Cn2ccnc2)c2ccc(Cl)cc2Cl)cc1
CONC1=NC(=NC2=C1N=CN2C3C(C(C(O3)CO)O)O)C#C,-1.3617278360175928,C#Cc1nc(NOC)c2ncn(C3OC(CO)C(O)C3O)c2n1
CONC1=NC(=NC2=C1N=CN2C3C(C(C(O3)CCl)O)O)Cl,-1.414973347970818,CONc1nc(Cl)nc2c1ncn2C1OC(CCl)C(O)C1O
CN1C2=C(C=N1)N=C(N3C2=NC(=N3)C4=CC=CO4)NC(=O)NC5=CC=C(C=C5)OC,-1.7853298350107671,COc1ccc(NC(=O)Nc2nc3cnn(C)c3c3nc(-c4ccco4)nn23)cc1
C1=CC=C(C=C1)CN2C=C3C(=NC(=NC3=N2)C4=CC=CC=C4)N,-1.968482948553935,Nc1nc(-c2ccccc2)nc2nn(Cc3ccccc3)cc12
CCCSC1=NC(=CC(=N1)OCC2=CC=CC=C2)NC(=O)C,-0.8750612633917001,CCCSc1nc(NC(C)=O)cc(OCc2ccccc2)n1
COC1=CC=C(C=C1)C2=NN3C(=N2)C4=CN(N=C4N=C3NC(=O)C5=CC=CC=C5)CCC6=CC=CC=C6,-1.4608978427565478,COc1ccc(-c2nc3c4cn(CCc5ccccc5)nc4nc(NC(=O)c4ccccc4)n3n2)cc1
C1CC1C(=O)NC2=NC(=C(C=C2)C#N)C3=CC=CO3,-2.513217600067939,N#Cc1ccc(NC(=O)C2CC2)nc1-c1ccco1
CCOC(=O)C1=NN2C3=C(C=C(C=C3)Cl)NC(=O)C2=N1,-2.531478917042255,CCOC(=O)c1nc2c(=O)[nH]c3cc(Cl)ccc3n2n1
CC1=CN2C(=N1)N=C(N=C2NC(=O)C3CCCC3)C4=CC=CC=C4,-2.6127838567197355,Cc1cn2c(NC(=O)C3CCCC3)nc(-c3ccccc3)nc2n1
CCCCN1C=C2C(=N1)N=C(N3C2=NC(=N3)C4=CC=CO4)NC(=O)NC5=CC(=CC=C5)Cl,0.2218487496163564,CCCCn1cc2c(nc(NC(=O)Nc3cccc(Cl)c3)n3nc(-c4ccco4)nc23)n1
CC1=C(SC2=NC(=NC(=C12)N)C3=C(N=C(S3)NC(=O)C4=CC=CC=C4)C5=CC=CC=C5)C,-2.829946695941636,Cc1sc2nc(-c3sc(NC(=O)c4ccccc4)nc3-c3ccccc3)nc(N)c2c1C
CNC1=NC(=NC2=C1N=CN2C3C4CC4(C(C3O)O)C(=O)NC)C#CC5=CN=CC=C5,-0.3374592612906561,CNC(=O)C12CC1C(n1cnc3c(NC)nc(C#Cc4cccnc4)nc31)C(O)C2O
CN1C=C2C(=N1)N=C(N3C2=NC(=N3)C4=CC=CO4)NCC5=CC=CC=C5,-0.3961993470957363,Cn1cc2c(nc(NCc3ccccc3)n3nc(-c4ccco4)nc23)n1
CN1C=C2C(=N1)N=C(N3C2=NC(=N3)C4=CC=C(C=C4)Cl)NC(=O)NC5=CC=CC=C5,-0.23299611039215384,Cn1cc2c(nc(NC(=O)Nc3ccccc3)n3nc(-c4ccc(Cl)cc4)nc23)n1
CCNC(=O)C1C(C(C(O1)N2C=NC3=C2N=CN=C3NC(=O)NC4=CC=C(C=C4)S(=O)(=O)N)O)O,-1.1702617153949575,CCNC(=O)C1OC(n2cnc3c(NC(=O)Nc4ccc(S(N)(=O)=O)cc4)ncnc32)C(O)C1O
CCNC1=C2C(=NN1C)N=C(N3C2=NC(=N3)C4=CC=CO4)NC(=O)CC5=CC6=C(C=C5)OCO6,-2.2624510897304293,CCNc1c2c(nc(NC(=O)Cc3ccc4c(c3)OCO4)n3nc(-c4ccco4)nc23)nn1C
C1=CC=C(C=C1)COCCCN2C=C3C(=N2)N=C(N4C3=NC(=N4)C5=CC=CO5)NC(=O)NC6=CC=NC=C6,-1.146128035678238,O=C(Nc1ccncc1)Nc1nc2nn(CCCOCc3ccccc3)cc2c2nc(-c3ccco3)nn12
C1=COC(=C1)C2=NN3C(=N2)C4=C(C=CC(=C4)Cl)N=C3NC(=O)CC5=CC=C(C=C5)I,-1.7986506454452689,O=C(Cc1ccc(I)cc1)Nc1nc2ccc(Cl)cc2c2nc(-c3ccco3)nn12
C1=CC(=CC=C1CC(=O)NC2=CC=C(C=C2)CC(=O)NCCN)NC3=NC=NC4=C3N=CN4C5C(C(C(O5)CO)O)O,-1.0934216851622351,NCCNC(=O)Cc1ccc(NC(=O)Cc2ccc(Nc3ncnc4c3ncn4C3OC(CO)C(O)C3O)cc2)cc1
CCC1CN2C(=C3C(=NC(=N3)C4=NN(C(=C4)C)C)N(C2=O)CC5=CC=CC=C5)N1,-1.1760912590556811,CCC1Cn2c(c3nc(-c4cc(C)n(C)n4)nc-3n(Cc3ccccc3)c2=O)N1
CCC[N+]1=C(C(=C(C(=C1CC)C(=O)SCC)CC)C(=O)OCC)C2=CC=CC=C2,-3.1303337684950066,CCC[n+]1c(CC)c(C(=O)SCC)c(CC)c(C(=O)OCC)c1-c1ccccc1
CC(C(=O)NC1=NC2=C(C=C(C=C2)Cl)C3=NC(=NN31)C4=CC=CO4)N,-3.0791812460476247,CC(N)C(=O)Nc1nc2ccc(Cl)cc2c2nc(-c3ccco3)nn12
C1=CC=C(C=C1)C(CCNC(=O)C2C(C(C(O2)N3C=NC4=C3N=C(N=C4NCC5=CC(=CC=C5)I)Cl)O)O)C6=CC=CC=C6,-2.5400039448500267,O=C(NCCC(c1ccccc1)c1ccccc1)C1OC(n2cnc3c(NCc4cccc(I)c4)nc(Cl)nc32)C(O)C1O
CN1C=C2C(=N1)N=C(N3C2=NC(=N3)C4=CC=CO4)NNC(=S)NC5=CC(=C(C=C5)C6=C7C=CC(=O)C=C7OC8=C6C=CC(=C8)O)C(=O)O,-2.8920946026904804,Cn1cc2c(nc(NNC(=S)Nc3ccc(-c4c5ccc(=O)cc-5oc5cc(O)ccc45)c(C(=O)O)c3)n3nc(-c4ccco4)nc23)n1
CCN1C2=C(C(=O)N(C1=O)CC)N3CCCN(C3=N2)CCC4=CC(=CC=C4)OC,-3.5327543789924976,CCn1c(=O)c2c(nc3n2CCCN3CCc2cccc(OC)c2)n(CC)c1=O
CCSCC1C(C(C(O1)N2C=NC3=C2N=C(N=C3N)NN=CCC(C)C)O)O,-2.9106244048892007,CCSCC1OC(n2cnc3c(N)nc(NN=CCC(C)C)nc32)C(O)C1O
CCNC(=O)C1C(C(C(O1)N2C=NC3=C2N=C(N=C3N)NCCN4CCN(CC4)C5=CC=C(C=C5)C(F)(F)F)O)O,-3.308350948586725,CCNC(=O)C1OC(n2cnc3c(N)nc(NCCN4CCN(c5ccc(C(F)(F)F)cc5)CC4)nc32)C(O)C1O
